99,AL,28840,Management,41400
99,AL,28840,Business,41400
99,AL,28840,Architecture,48800
99,AL,28840,Med,34800
99,AL,28840,Communication,34800
99,AL,28840,Communication,34800
99,AL,28840,Computer,52800
99,AL,28840,Education,33900
99,AL,28840,Education,35900
99,AL,28840,Education,33600
99,AL,28840,Chem,73100
99,AL,28840,Computer,61700
99,AL,28840,Communication,63200
99,AL,28840,Mechanical,65000
99,AL,28840,English,30500
99,AL,28840,Language,30500
99,AL,28840,Bio,30000
99,AL,28840,Bio,24300
99,AL,28840,Psychology,24400
99,AL,28840,Politic,31500
99,AL,28840,Sociology,31000
99,AL,28840,Art,34800
99,AL,28840,Design,34800
99,AL,28840,Art,20400
99,AL,28840,Med,43800
99,AL,28840,Nursing,55200
99,AL,28840,Management,44300
99,AL,28840,Business,44300
99,AL,28840,Finance,42600
99,AL,28840,Management,42600
99,AL,28840,Management,41700
99,AL,28840,Management,36800
99,AL,28840,Business,48800
99,AL,28840,Marketing,39900
99,AL,28840,History,30900
124,AZ,30025,Management,44000
124,AZ,30025,Business,44000
124,AZ,30025,Architecture,42500
124,AZ,30025,Med,38900
124,AZ,30025,Communication,38900
124,AZ,30025,Computer,46200
124,AZ,30025,Computer,74000
124,AZ,30025,Education,27000
124,AZ,30025,Education,30400
124,AZ,30025,Education,35100
124,AZ,30025,Education,34800
124,AZ,30025,Chem,57000
124,AZ,30025,Communication,69100
124,AZ,30025,Mechanical,62800
124,AZ,30025,Language,18500
124,AZ,30025,Language,28400
124,AZ,30025,English,26000
124,AZ,30025,Language,26000
124,AZ,30025,Bio,25700
124,AZ,30025,Bio,30300
124,AZ,30025,Chem,30300
124,AZ,30025,Physics,30300
124,AZ,30025,Bio,24500
124,AZ,30025,Bio,26100
124,AZ,30025,Bio,27900
124,AZ,30025,Math,45400
124,AZ,30025,Philosophy,25500
124,AZ,30025,Chem,36900
124,AZ,30025,Art,42300
124,AZ,30025,Physics,63100
124,AZ,30025,Psychology,31700
124,AZ,30025,Economics,42900
124,AZ,30025,Art,31800
124,AZ,30025,Politic,33500
124,AZ,30025,Sociology,33400
124,AZ,30025,Art,21500
124,AZ,30025,Art,27100
124,AZ,30025,Art,22200
124,AZ,30025,Communication,25000
124,AZ,30025,Med,21200
124,AZ,30025,Nursing,61700
124,AZ,30025,Management,44800
124,AZ,30025,Business,44800
124,AZ,30025,Business,56000
124,AZ,30025,Economics,56000
124,AZ,30025,Business,49500
124,AZ,30025,Finance,56900
124,AZ,30025,Management,56900
124,AZ,30025,Management,45200
124,AZ,30025,Management,58100
124,AZ,30025,Marketing,47000
124,AZ,30025,History,26400
135,AR,23168,Management,40100
135,AR,23168,Business,40100
135,AR,23168,Architecture,42000
135,AR,23168,Med,35000
135,AR,23168,Communication,35000
135,AR,23168,Computer,63600
135,AR,23168,Education,25700
135,AR,23168,Education,33200
135,AR,23168,Med,42900
135,AR,23168,Bio,42900
135,AR,23168,Chem,74300
135,AR,23168,Computer,68700
135,AR,23168,Communication,67700
135,AR,23168,Mechanical,58800
135,AR,23168,Language,36200
135,AR,23168,English,27100
135,AR,23168,Language,27100
135,AR,23168,Bio,26000
135,AR,23168,Education,29000
135,AR,23168,Psychology,29500
135,AR,23168,Criminal,33300
135,AR,23168,Economics,39900
135,AR,23168,Politic,32800
135,AR,23168,Sociology,30400
135,AR,23168,Art,28100
135,AR,23168,Music,30900
135,AR,23168,Nursing,59000
135,AR,23168,Management,48800
135,AR,23168,Business,48800
135,AR,23168,Business,40500
135,AR,23168,Economics,40500
135,AR,23168,Finance,48400
135,AR,23168,Management,48400
135,AR,23168,Management,35800
135,AR,23168,Business,44300
135,AR,23168,Management,55200
135,AR,23168,Marketing,45200
135,AR,23168,History,26200
183,CA,36120,Med,30600
183,CA,36120,Communication,30600
183,CA,36120,Computer,47800
183,CA,36120,Education,32200
183,CA,36120,English,20500
183,CA,36120,Language,20500
183,CA,36120,Art,31700
183,CA,36120,Bio,27600
183,CA,36120,Education,19200
183,CA,36120,Psychology,24000
183,CA,36120,Politic,33800
183,CA,36120,Sociology,27400
183,CA,36120,Art,21000
183,CA,36120,Art,24900
183,CA,36120,Music,22400
183,CA,36120,Nursing,86700
183,CA,36120,Management,40700
183,CA,36120,Business,40700
183,CA,36120,Business,39900
183,CA,36120,Marketing,36400
164,CA,36696,Med,30200
164,CA,36696,Communication,30200
164,CA,36696,Communication,23400
164,CA,36696,Education,27600
164,CA,36696,English,26000
164,CA,36696,Language,26000
164,CA,36696,Bio,24400
164,CA,36696,Psychology,26500
164,CA,36696,Sociology,26100
164,CA,36696,Art,23900
164,CA,36696,Communication,26500
164,CA,36696,Nursing,75500
164,CA,36696,Business,42100
12,CA,47577,Computer,153300
152,CA,39900,Med,31100
152,CA,39900,Communication,31100
152,CA,39900,Education,17000
152,CA,39900,Art,27700
152,CA,39900,Bio,21600
152,CA,39900,Psychology,25500
152,CA,39900,Sociology,21700
152,CA,39900,Management,48200
152,CA,39900,Business,48200
111,CA,44588,Med,26100
111,CA,44588,Communication,26100
111,CA,44588,Computer,60800
111,CA,44588,Education,42600
111,CA,44588,Mechanical,53300
111,CA,44588,Language,32200
111,CA,44588,Bio,41500
111,CA,44588,Psychology,23900
111,CA,44588,Management,46500
111,CA,44588,Business,46500
50,CA,50022,Communication,28900
50,CA,50022,Communication,41700
50,CA,50022,Education,25900
50,CA,50022,Psychology,32200
50,CA,50022,Economics,49700
50,CA,50022,Management,54600
50,CA,50022,Business,54600
50,CA,50022,Business,44900
146,CA,18244,Med,33500
146,CA,18244,Communication,33500
146,CA,18244,Communication,21000
146,CA,18244,Communication,36500
146,CA,18244,Computer,51500
146,CA,18244,Computer,64800
146,CA,18244,Education,25300
146,CA,18244,Communication,68400
146,CA,18244,Mechanical,63300
146,CA,18244,Language,22900
146,CA,18244,English,28600
146,CA,18244,Language,28600
146,CA,18244,Art,21600
146,CA,18244,Bio,31000
146,CA,18244,Education,27700
146,CA,18244,Chem,39500
146,CA,18244,Psychology,23700
146,CA,18244,Criminal,28000
146,CA,18244,Economics,38400
146,CA,18244,Politic,29200
146,CA,18244,Sociology,26900
146,CA,18244,Art,35300
146,CA,18244,Design,35300
146,CA,18244,Art,20300
146,CA,18244,Communication,23700
146,CA,18244,Nursing,85200
146,CA,18244,Management,41100
146,CA,18244,Business,41100
146,CA,18244,Finance,41000
146,CA,18244,Management,41000
146,CA,18244,Management,36100
146,CA,18244,Business,42300
146,CA,18244,Marketing,43500
86,CA,46140,Med,33800
86,CA,46140,Communication,33800
86,CA,46140,Communication,71400
86,CA,46140,Mechanical,63900
86,CA,46140,Language,30100
86,CA,46140,English,27500
86,CA,46140,Language,27500
86,CA,46140,Bio,33000
86,CA,46140,Bio,45200
86,CA,46140,Chem,45200
86,CA,46140,Physics,45200
86,CA,46140,Bio,34700
86,CA,46140,Psychology,27100
86,CA,46140,Politic,31900
86,CA,46140,Sociology,29200
86,CA,46140,Management,42400
86,CA,46140,Business,42400
86,CA,46140,Finance,57800
86,CA,46140,Management,57800
86,CA,46140,Business,47600
86,CA,46140,Marketing,43500
107,CA,44494,Architecture,51200
107,CA,44494,Med,32700
107,CA,44494,Communication,32700
107,CA,44494,Communication,39300
107,CA,44494,Bio,31100
107,CA,44494,Education,30800
107,CA,44494,Psychology,35600
107,CA,44494,Politic,37100
107,CA,44494,Sociology,37000
107,CA,44494,Nursing,86700
107,CA,44494,Management,54800
107,CA,44494,Business,54800
107,CA,44494,Business,36800
107,CA,44494,Finance,55000
107,CA,44494,Management,55000
107,CA,44494,Management,46300
107,CA,44494,Business,40900
107,CA,44494,Marketing,43200
23,CA,52217,Architecture,48600
23,CA,52217,Med,39200
23,CA,52217,Communication,39200
23,CA,52217,Communication,43800
23,CA,52217,Computer,85200
23,CA,52217,Computer,91500
23,CA,52217,Med,91500
23,CA,52217,Med,64500
23,CA,52217,Bio,64500
23,CA,52217,Chem,64600
23,CA,52217,Computer,86400
23,CA,52217,Communication,76000
23,CA,52217,Mechanical,64500
23,CA,52217,Language,40700
23,CA,52217,Bio,25500
23,CA,52217,Bio,27300
23,CA,52217,Math,53700
23,CA,52217,Bio,29500
23,CA,52217,Philosophy,44900
23,CA,52217,Psychology,31700
23,CA,52217,Economics,47300
23,CA,52217,Politic,42300
23,CA,52217,Sociology,33600
23,CA,52217,Art,35100
23,CA,52217,Design,35100
23,CA,52217,Art,20400
23,CA,52217,Art,27400
23,CA,52217,Art,32700
23,CA,52217,Music,23600
23,CA,52217,Med,24300
23,CA,52217,Management,24300
23,CA,52217,Art,24300
23,CA,52217,Management,57800
23,CA,52217,Business,57800
23,CA,52217,History,34000
82,CO,34828,Computer,73100
82,CO,34828,Med,65900
82,CO,34828,Bio,65900
82,CO,34828,Chem,59400
82,CO,34828,Communication,69400
82,CO,34828,Physics,60600
82,CO,34828,Mechanical,59900
86,CO,46362,Med,35700
86,CO,46362,Communication,35700
86,CO,46362,Mechanical,57800
86,CO,46362,Language,26100
86,CO,46362,English,28900
86,CO,46362,Language,28900
86,CO,46362,Bio,24800
86,CO,46362,Psychology,33900
86,CO,46362,Politic,30900
86,CO,46362,Business,25700
86,CO,46362,Finance,56900
86,CO,46362,Management,56900
86,CO,46362,Management,42500
86,CO,46362,Business,38700
86,CO,46362,Marketing,41700
60,CT,35858,Management,37500
60,CT,35858,Business,37500
60,CT,35858,Med,37900
60,CT,35858,Communication,37900
60,CT,35858,Communication,39600
60,CT,35858,Computer,64400
60,CT,35858,Computer,74500
60,CT,35858,Education,22400
60,CT,35858,Med,54300
60,CT,35858,Bio,54300
60,CT,35858,Chem,66700
60,CT,35858,Computer,69600
60,CT,35858,Communication,69300
60,CT,35858,Mechanical,66800
60,CT,35858,Language,25300
60,CT,35858,English,24500
60,CT,35858,Language,24500
60,CT,35858,Art,36800
60,CT,35858,Bio,27700
60,CT,35858,Bio,31500
60,CT,35858,Bio,27800
60,CT,35858,Bio,20900
60,CT,35858,Chem,40000
60,CT,35858,Psychology,31800
60,CT,35858,Economics,45100
60,CT,35858,Politic,38100
60,CT,35858,Sociology,28100
60,CT,35858,Art,24500
60,CT,35858,Art,24000
60,CT,35858,Med,59900
60,CT,35858,Med,32800
60,CT,35858,Nursing,69400
60,CT,35858,Business,41200
60,CT,35858,Management,46800
60,CT,35858,Business,46800
60,CT,35858,Finance,59000
60,CT,35858,Management,59000
60,CT,35858,Management,63900
60,CT,35858,Marketing,48200
60,CT,35858,History,23000
188,CT,37790,Med,29300
188,CT,37790,Communication,29300
188,CT,37790,Education,27200
188,CT,37790,Education,44700
188,CT,37790,Mechanical,62400
188,CT,37790,Bio,24300
188,CT,37790,Psychology,24300
188,CT,37790,Criminal,26300
188,CT,37790,Art,28900
188,CT,37790,Design,28900
188,CT,37790,Art,17400
188,CT,37790,Art,20300
188,CT,37790,Music,22600
188,CT,37790,Med,18300
188,CT,37790,Management,18300
188,CT,37790,Art,18300
188,CT,37790,Nursing,81000
188,CT,37790,Management,41700
188,CT,37790,Business,41700
188,CT,37790,Marketing,37300
3,CT,49480,Computer,120300
3,CT,49480,Psychology,41300
3,CT,49480,Economics,81400
3,CT,49480,Politic,49100
3,CT,49480,History,44600
79,DE,31420,Management,23700
79,DE,31420,Med,40100
79,DE,31420,Communication,40100
79,DE,31420,Computer,67600
79,DE,31420,Education,42100
79,DE,31420,Education,42100
79,DE,31420,Chem,65100
79,DE,31420,Mechanical,62100
79,DE,31420,English,25800
79,DE,31420,Language,25800
79,DE,31420,Bio,33600
79,DE,31420,Education,31200
79,DE,31420,Psychology,31000
79,DE,31420,Economics,49000
79,DE,31420,Politic,35600
79,DE,31420,Sociology,27100
79,DE,31420,Art,44900
79,DE,31420,Design,44900
79,DE,31420,Med,58200
79,DE,31420,Nursing,68200
79,DE,31420,Management,53400
79,DE,31420,Business,53400
79,DE,31420,Finance,58900
79,DE,31420,Management,58900
79,DE,31420,Management,47100
79,DE,31420,Management,66400
79,DE,31420,Marketing,47300
79,DE,31420,History,25300
74,DC,44853,Med,42100
74,DC,44853,Communication,42100
74,DC,44853,Communication,42800
74,DC,44853,Bio,32500
74,DC,44853,Psychology,30700
74,DC,44853,Criminal,40700
74,DC,44853,Economics,45300
74,DC,44853,Politic,42900
74,DC,44853,Sociology,37600
74,DC,44853,Art,24700
74,DC,44853,Art,34600
74,DC,44853,Management,47000
74,DC,44853,Business,47000
74,DC,44853,Finance,50700
74,DC,44853,Management,50700
74,DC,44853,History,36700
56,DC,51950,Communication,46900
56,DC,51950,Mechanical,62600
56,DC,51950,English,26200
56,DC,51950,Language,26200
56,DC,51950,Bio,30200
56,DC,51950,Psychology,35600
56,DC,51950,Criminal,45600
56,DC,51950,Economics,53900
56,DC,51950,Politic,45500
56,DC,51950,Art,43900
56,DC,51950,Design,43900
56,DC,51950,Art,17000
56,DC,51950,Nursing,66200
56,DC,51950,Finance,67800
56,DC,51950,Management,67800
56,DC,51950,Management,49300
56,DC,51950,Management,44300
56,DC,51950,Business,58500
56,DC,51950,Marketing,48100
56,DC,51950,History,36000
20,DC,50547,Computer,77900
20,DC,50547,English,40700
20,DC,50547,Language,40700
20,DC,50547,Bio,37000
20,DC,50547,Psychology,39000
20,DC,50547,Economics,68700
20,DC,50547,Politic,49100
20,DC,50547,Sociology,37100
20,DC,50547,Nursing,67900
20,DC,50547,Management,64600
20,DC,50547,Business,64600
20,DC,50547,Finance,81400
20,DC,50547,Management,81400
20,DC,50547,Business,62600
20,DC,50547,Management,70100
20,DC,50547,Marketing,55800
124,DC,24908,Med,38200
124,DC,24908,Communication,38200
124,DC,24908,Communication,20600
124,DC,24908,English,33700
124,DC,24908,Language,33700
124,DC,24908,Bio,23100
124,DC,24908,Education,26100
124,DC,24908,Psychology,30500
124,DC,24908,Criminal,33200
124,DC,24908,Economics,41600
124,DC,24908,Politic,31900
124,DC,24908,Sociology,28200
124,DC,24908,Art,16300
124,DC,24908,Med,21000
124,DC,24908,Management,21000
124,DC,24908,Art,21000
124,DC,24908,Med,36200
124,DC,24908,Nursing,65600
124,DC,24908,Management,58500
124,DC,24908,Business,58500
124,DC,24908,Finance,57000
124,DC,24908,Management,57000
124,DC,24908,Management,65700
124,DC,24908,Marketing,43900
124,DC,24908,Management,45400
124,DC,24908,Marketing,45400
124,DC,24908,Business,45400
176,FL,22467,Med,27800
176,FL,22467,Communication,27800
176,FL,22467,Communication,29500
176,FL,22467,Communication,33500
176,FL,22467,Computer,55600
176,FL,22467,Education,40600
176,FL,22467,Education,31800
176,FL,22467,Communication,63300
176,FL,22467,Mechanical,59800
176,FL,22467,English,20500
176,FL,22467,Language,20500
176,FL,22467,Art,30800
176,FL,22467,Bio,23700
176,FL,22467,Psychology,27800
176,FL,22467,Criminal,29300
176,FL,22467,Politic,29500
176,FL,22467,Sociology,27000
176,FL,22467,Art,21000
176,FL,22467,Art,20500
176,FL,22467,Art,24700
176,FL,22467,Communication,29800
176,FL,22467,Med,34000
176,FL,22467,Nursing,55700
176,FL,22467,Business,38100
176,FL,22467,Management,34400
176,FL,22467,Business,34400
176,FL,22467,Business,39400
176,FL,22467,Economics,39400
176,FL,22467,Finance,45200
176,FL,22467,Management,45200
176,FL,22467,Management,31000
176,FL,22467,Marketing,37700
176,FL,22467,History,25500
171,FL,40446,Computer,64100
171,FL,40446,Computer,63700
171,FL,40446,Mechanical,61300
171,FL,40446,Bio,21900
171,FL,40446,Psychology,30700
171,FL,40446,Management,36400
171,FL,40446,Business,36400
92,FL,24673,Med,31500
92,FL,24673,Communication,31500
92,FL,24673,Communication,31700
92,FL,24673,Communication,37000
92,FL,24673,Computer,50800
92,FL,24673,Education,42100
92,FL,24673,Education,38000
92,FL,24673,Education,42100
92,FL,24673,Chem,64900
92,FL,24673,Computer,64300
92,FL,24673,Communication,65100
92,FL,24673,Mechanical,60300
92,FL,24673,Language,21000
92,FL,24673,Language,25900
92,FL,24673,English,27200
92,FL,24673,Language,27200
92,FL,24673,Art,20200
92,FL,24673,Bio,21800
92,FL,24673,Bio,28200
92,FL,24673,Chem,28200
92,FL,24673,Physics,28200
92,FL,24673,Math,34100
92,FL,24673,Management,28700
92,FL,24673,Education,29300
92,FL,24673,Philosophy,28000
92,FL,24673,Chem,28100
92,FL,24673,Psychology,27500
92,FL,24673,Criminal,30000
92,FL,24673,Economics,39300
92,FL,24673,Art,26400
92,FL,24673,Politic,32100
92,FL,24673,Sociology,29600
92,FL,24673,Art,43400
92,FL,24673,Design,43400
92,FL,24673,Art,23500
92,FL,24673,Art,28800
92,FL,24673,Art,23900
92,FL,24673,Music,24900
92,FL,24673,Nursing,57000
92,FL,24673,Business,37100
92,FL,24673,Management,39700
92,FL,24673,Business,39700
92,FL,24673,Finance,48200
92,FL,24673,Management,48200
92,FL,24673,Management,37900
92,FL,24673,Management,57200
92,FL,24673,Management,58500
92,FL,24673,Marketing,43500
92,FL,24673,History,28000
50,FL,28666,Management,42700
50,FL,28666,Business,42700
50,FL,28666,Management,21900
50,FL,28666,Architecture,38300
50,FL,28666,Communication,29600
50,FL,28666,Communication,36600
50,FL,28666,Computer,74200
50,FL,28666,Education,40600
50,FL,28666,Chem,70900
50,FL,28666,Computer,72500
50,FL,28666,Communication,73100
50,FL,28666,Mechanical,63700
50,FL,28666,Bio,40900
50,FL,28666,Language,23600
50,FL,28666,Language,29500
50,FL,28666,English,25400
50,FL,28666,Language,25400
50,FL,28666,Bio,21800
50,FL,28666,Bio,23000
50,FL,28666,Bio,20000
50,FL,28666,Math,40700
50,FL,28666,Management,33200
50,FL,28666,Education,37900
50,FL,28666,Philosophy,28600
50,FL,28666,Chem,21200
50,FL,28666,Art,33600
50,FL,28666,Physics,33700
50,FL,28666,Psychology,25000
50,FL,28666,Economics,46600
50,FL,28666,Politic,29300
50,FL,28666,Sociology,30000
50,FL,28666,Art,40900
50,FL,28666,Art,44900
50,FL,28666,Design,44900
50,FL,28666,Art,22200
50,FL,28666,Art,22500
50,FL,28666,Nursing,58700
50,FL,28666,Management,43200
50,FL,28666,Business,43200
50,FL,28666,Finance,55900
50,FL,28666,Management,55900
50,FL,28666,Management,55800
50,FL,28666,Marketing,49200
50,FL,28666,History,28600
44,FL,47004,Architecture,46700
44,FL,47004,Communication,36300
44,FL,47004,Communication,38700
44,FL,47004,Med,57000
44,FL,47004,Bio,57000
44,FL,47004,Mechanical,66400
44,FL,47004,English,25900
44,FL,47004,Language,25900
44,FL,47004,Bio,13700
44,FL,47004,Bio,17300
44,FL,47004,Education,26300
44,FL,47004,Psychology,21900
44,FL,47004,Economics,36500
44,FL,47004,Politic,37500
44,FL,47004,Art,18700
44,FL,47004,Art,25200
44,FL,47004,Music,20900
44,FL,47004,Nursing,63700
44,FL,47004,Management,46800
44,FL,47004,Business,46800
44,FL,47004,Business,49900
44,FL,47004,Economics,49900
44,FL,47004,Finance,58500
44,FL,47004,Management,58500
44,FL,47004,Marketing,48400
214,FL,27660,Art,26700
214,FL,27660,Bio,17900
214,FL,27660,Education,18600
214,FL,27660,Psychology,23100
214,FL,27660,Criminal,31600
214,FL,27660,Nursing,62200
214,FL,27660,Management,36000
214,FL,27660,Business,36000
214,FL,27660,Marketing,35400
20,GA,47954,Computer,79000
20,GA,47954,Language,32500
20,GA,47954,English,30400
20,GA,47954,Language,30400
20,GA,47954,Bio,23700
20,GA,47954,Bio,27100
20,GA,47954,Chem,26500
20,GA,47954,Psychology,34300
20,GA,47954,Economics,57100
20,GA,47954,Politic,42500
20,GA,47954,Sociology,35600
20,GA,47954,Nursing,62700
20,GA,47954,Management,72600
20,GA,47954,Business,72600
20,GA,47954,History,29000
56,GA,29844,Management,39800
56,GA,29844,Business,39800
56,GA,29844,Management,19500
56,GA,29844,Architecture,42800
56,GA,29844,Med,35100
56,GA,29844,Communication,35100
56,GA,29844,Communication,32900
56,GA,29844,Communication,39400
56,GA,29844,Computer,67200
56,GA,29844,Education,38100
56,GA,29844,Education,37900
56,GA,29844,Education,38700
56,GA,29844,Language,16300
56,GA,29844,Language,26000
56,GA,29844,Business,33400
56,GA,29844,Economics,40600
56,GA,29844,English,23300
56,GA,29844,Language,23300
56,GA,29844,Bio,24100
56,GA,29844,Bio,23300
56,GA,29844,Chem,23300
56,GA,29844,Physics,23300
56,GA,29844,Bio,20100
56,GA,29844,Math,44800
56,GA,29844,Bio,20300
56,GA,29844,Education,31400
56,GA,29844,Chem,26200
56,GA,29844,Psychology,26700
56,GA,29844,Criminal,33400
56,GA,29844,Economics,48600
56,GA,29844,Politic,31900
56,GA,29844,Sociology,28900
56,GA,29844,Art,17700
56,GA,29844,Art,25000
56,GA,29844,Music,18300
56,GA,29844,Management,46800
56,GA,29844,Business,46800
56,GA,29844,Business,51200
56,GA,29844,Economics,51200
56,GA,29844,Finance,55200
56,GA,29844,Management,55200
56,GA,29844,Business,56300
56,GA,29844,Management,65000
56,GA,29844,Marketing,45100
56,GA,29844,Marketing,37700
56,GA,29844,History,23900
135,GA,35130,Education,34600
135,GA,35130,Art,31100
135,GA,35130,Bio,27400
135,GA,35130,Criminal,31200
135,GA,35130,Nursing,60100
135,GA,35130,Business,46400
171,ID,22040,Management,40400
171,ID,22040,Business,40400
171,ID,22040,Management,23100
171,ID,22040,Communication,30600
171,ID,22040,Communication,27800
171,ID,22040,Computer,70600
171,ID,22040,Education,32500
171,ID,22040,Education,38200
171,ID,22040,Chem,69100
171,ID,22040,Communication,65100
171,ID,22040,Mechanical,58100
171,ID,22040,Language,25300
171,ID,22040,Art,27900
171,ID,22040,Bio,23800
171,ID,22040,Management,23600
171,ID,22040,Education,28300
171,ID,22040,Psychology,25900
171,ID,22040,Politic,26100
171,ID,22040,Sociology,28100
171,ID,22040,Art,16200
171,ID,22040,Art,17900
171,ID,22040,Management,51100
171,ID,22040,Business,51100
171,ID,22040,Finance,42400
171,ID,22040,Management,42400
171,ID,22040,Management,37400
171,ID,22040,Marketing,33800
3,IL,52491,Computer,87000
3,IL,52491,English,30700
3,IL,52491,Language,30700
3,IL,52491,Bio,31100
3,IL,52491,Math,70700
3,IL,52491,Philosophy,39300
3,IL,52491,Physics,38300
3,IL,52491,Psychology,39600
3,IL,52491,Economics,83000
3,IL,52491,Politic,36700
3,IL,52491,History,32300
124,IL,37626,Med,30900
124,IL,37626,Communication,30900
124,IL,37626,Communication,36900
124,IL,37626,Communication,19100
124,IL,37626,Computer,47700
124,IL,37626,Computer,52400
124,IL,37626,Computer,60200
124,IL,37626,Communication,60200
124,IL,37626,Education,38800
124,IL,37626,Education,37900
124,IL,37626,Language,29200
124,IL,37626,English,29900
124,IL,37626,Language,29900
124,IL,37626,Art,57600
124,IL,37626,Bio,28700
124,IL,37626,Math,54700
124,IL,37626,Psychology,29600
124,IL,37626,Economics,36700
124,IL,37626,Politic,32600
124,IL,37626,Sociology,29700
124,IL,37626,Art,37700
124,IL,37626,Design,37700
124,IL,37626,Art,21800
124,IL,37626,Art,24500
124,IL,37626,Music,17000
124,IL,37626,Management,44800
124,IL,37626,Business,44800
124,IL,37626,Business,51000
124,IL,37626,Economics,51000
124,IL,37626,Finance,53800
124,IL,37626,Management,53800
124,IL,37626,Management,38600
124,IL,37626,Management,58200
124,IL,37626,Management,40900
124,IL,37626,Marketing,43900
124,IL,37626,History,22200
220,IL,32170,Med,22600
220,IL,32170,Communication,22600
220,IL,32170,Psychology,28900
220,IL,32170,Med,23900
220,IL,32170,Nursing,69600
220,IL,32170,Management,43300
220,IL,32170,Business,43300
220,IL,32170,Management,62000
220,IL,32170,Management,56900
220,IL,32170,Marketing,56900
220,IL,32170,Business,56900
103,IL,45214,Architecture,46900
103,IL,45214,Computer,60900
103,IL,45214,Computer,75600
103,IL,45214,Med,51900
103,IL,45214,Bio,51900
103,IL,45214,Chem,59900
103,IL,45214,Computer,61700
103,IL,45214,Communication,68400
103,IL,45214,Mechanical,59500
152,IL,20886,Med,33100
152,IL,20886,Communication,33100
152,IL,20886,Communication,36500
152,IL,20886,Communication,37200
152,IL,20886,Computer,49400
152,IL,20886,Computer,62300
152,IL,20886,Education,42600
152,IL,20886,Education,37600
152,IL,20886,Education,35900
152,IL,20886,Language,34000
152,IL,20886,English,32100
152,IL,20886,Language,32100
152,IL,20886,Art,27100
152,IL,20886,Bio,30300
152,IL,20886,Math,43600
152,IL,20886,Management,32800
152,IL,20886,Psychology,29700
152,IL,20886,Criminal,31000
152,IL,20886,Economics,43500
152,IL,20886,Politic,34500
152,IL,20886,Sociology,27500
152,IL,20886,Art,23100
152,IL,20886,Art,29200
152,IL,20886,Music,35000
152,IL,20886,Art,27400
152,IL,20886,Med,43600
152,IL,20886,Med,51100
152,IL,20886,Nursing,62500
152,IL,20886,Management,43500
152,IL,20886,Business,43500
152,IL,20886,Finance,49200
152,IL,20886,Management,49200
152,IL,20886,Business,41500
152,IL,20886,Management,56500
152,IL,20886,Management,41900
152,IL,20886,Marketing,42500
152,IL,20886,Management,64500
152,IL,20886,History,31000
99,IL,41384,Med,34300
99,IL,41384,Communication,34300
99,IL,41384,Communication,35700
99,IL,41384,English,30400
99,IL,41384,Language,30400
99,IL,41384,Bio,28100
99,IL,41384,Bio,25300
99,IL,41384,Chem,25300
99,IL,41384,Physics,25300
99,IL,41384,Psychology,29400
99,IL,41384,Criminal,36400
99,IL,41384,Politic,28800
99,IL,41384,Sociology,25700
99,IL,41384,Med,50300
99,IL,41384,Nursing,65100
99,IL,41384,Management,50000
99,IL,41384,Business,50000
99,IL,41384,Business,54400
99,IL,41384,Economics,54400
99,IL,41384,Finance,55100
99,IL,41384,Management,55100
99,IL,41384,Management,64400
99,IL,41384,Marketing,46200
99,IL,41384,History,33900
214,IL,23799,Med,34000
214,IL,23799,Communication,34000
214,IL,23799,Computer,57400
214,IL,23799,Education,41700
214,IL,23799,Education,35700
214,IL,23799,Education,35000
214,IL,23799,Communication,64100
214,IL,23799,Mechanical,59900
214,IL,23799,Language,31600
214,IL,23799,English,28900
214,IL,23799,Language,28900
214,IL,23799,Art,30900
214,IL,23799,Bio,30300
214,IL,23799,Math,41700
214,IL,23799,Education,28100
214,IL,23799,Chem,34100
214,IL,23799,Psychology,28000
214,IL,23799,Economics,44300
214,IL,23799,Politic,34300
214,IL,23799,Sociology,29000
214,IL,23799,Art,20200
214,IL,23799,Art,23800
214,IL,23799,Communication,23100
214,IL,23799,Med,54700
214,IL,23799,Med,29100
214,IL,23799,Nursing,62600
214,IL,23799,Management,47900
214,IL,23799,Business,47900
214,IL,23799,Finance,48000
214,IL,23799,Management,48000
214,IL,23799,Management,41500
214,IL,23799,Marketing,40900
214,IL,23799,History,30700
12,IL,50855,Med,42600
12,IL,50855,Communication,42600
12,IL,50855,Communication,25100
12,IL,50855,Computer,88500
12,IL,50855,Med,64200
12,IL,50855,Bio,64200
12,IL,50855,Chem,75700
12,IL,50855,Computer,80600
12,IL,50855,Mechanical,66100
12,IL,50855,English,32700
12,IL,50855,Language,32700
12,IL,50855,Bio,30500
12,IL,50855,Math,71000
12,IL,50855,Psychology,36000
12,IL,50855,Psychology,34300
12,IL,50855,Economics,69200
12,IL,50855,Politic,47000
12,IL,50855,Art,20600
12,IL,50855,Music,22400
12,IL,50855,History,37100
176,IN,25428,Architecture,34200
176,IN,25428,Architecture,45100
176,IN,25428,Med,32000
176,IN,25428,Communication,32000
176,IN,25428,Communication,26000
176,IN,25428,Communication,34300
176,IN,25428,Computer,51900
176,IN,25428,Education,39700
176,IN,25428,Education,35200
176,IN,25428,Education,37000
176,IN,25428,Language,27500
176,IN,25428,English,19700
176,IN,25428,Language,19700
176,IN,25428,Art,31000
176,IN,25428,Bio,26300
176,IN,25428,Education,32400
176,IN,25428,Psychology,27500
176,IN,25428,Criminal,35000
176,IN,25428,Art,31800
176,IN,25428,Politic,30600
176,IN,25428,Sociology,31200
176,IN,25428,Art,18300
176,IN,25428,Art,27200
176,IN,25428,Music,30800
176,IN,25428,Med,35500
176,IN,25428,Nursing,55400
176,IN,25428,Business,34800
176,IN,25428,Management,41600
176,IN,25428,Business,41600
176,IN,25428,Business,35900
176,IN,25428,Economics,35900
176,IN,25428,Finance,42600
176,IN,25428,Management,42600
176,IN,25428,Management,39200
176,IN,25428,Management,53100
176,IN,25428,Management,60900
176,IN,25428,Marketing,35200
176,IN,25428,History,28200
15,IN,49685,Architecture,55200
15,IN,49685,Computer,80000
15,IN,49685,Chem,72200
15,IN,49685,Communication,73000
15,IN,49685,Mechanical,71000
15,IN,49685,Language,50100
15,IN,49685,English,38200
15,IN,49685,Language,38200
15,IN,49685,Art,33200
15,IN,49685,Bio,30000
15,IN,49685,Math,75500
15,IN,49685,Psychology,35100
15,IN,49685,Economics,64300
15,IN,49685,Politic,47000
15,IN,49685,Sociology,36500
15,IN,49685,Art,30800
15,IN,49685,Med,27900
15,IN,49685,Business,55200
15,IN,49685,Finance,77100
15,IN,49685,Management,77100
15,IN,49685,Management,68100
15,IN,49685,Marketing,52400
15,IN,49685,History,39000
111,IA,21483,Management,46400
111,IA,21483,Business,46400
111,IA,21483,Architecture,48000
111,IA,21483,Architecture,46000
111,IA,21483,Med,36200
111,IA,21483,Communication,36200
111,IA,21483,Communication,36800
111,IA,21483,Computer,68900
111,IA,21483,Education,39100
111,IA,21483,Education,40600
111,IA,21483,Chem,66000
111,IA,21483,Computer,71400
111,IA,21483,Communication,71200
111,IA,21483,Mechanical,65700
111,IA,21483,Language,37800
111,IA,21483,English,27800
111,IA,21483,Language,27800
111,IA,21483,Art,30800
111,IA,21483,Bio,30200
111,IA,21483,Bio,37300
111,IA,21483,Bio,25500
111,IA,21483,Math,42200
111,IA,21483,Education,32100
111,IA,21483,Psychology,30000
111,IA,21483,Economics,42000
111,IA,21483,Politic,36700
111,IA,21483,Sociology,35000
111,IA,21483,Art,36000
111,IA,21483,Design,36000
111,IA,21483,Management,52700
111,IA,21483,Business,52700
111,IA,21483,Finance,45600
111,IA,21483,Management,45600
111,IA,21483,Management,35200
111,IA,21483,Management,56500
111,IA,21483,Management,44800
111,IA,21483,Marketing,42400
111,IA,21483,History,30600
82,IA,28413,Med,37700
82,IA,28413,Communication,37700
82,IA,28413,Computer,51500
82,IA,28413,Education,38800
82,IA,28413,Education,37500
82,IA,28413,Med,51300
82,IA,28413,Bio,51300
82,IA,28413,Chem,58600
82,IA,28413,Communication,67300
82,IA,28413,Mechanical,62500
82,IA,28413,Language,30000
82,IA,28413,English,24900
82,IA,28413,Language,24900
82,IA,28413,Art,36100
82,IA,28413,Bio,31400
82,IA,28413,Math,43500
82,IA,28413,Education,30700
82,IA,28413,Psychology,29800
82,IA,28413,Economics,42100
82,IA,28413,Politic,36100
82,IA,28413,Sociology,29500
82,IA,28413,Art,22300
82,IA,28413,Art,21800
82,IA,28413,Art,30300
82,IA,28413,Communication,26200
82,IA,28413,Med,29800
82,IA,28413,Nursing,59500
82,IA,28413,Finance,51100
82,IA,28413,Management,51100
82,IA,28413,Management,43200
82,IA,28413,Management,58900
82,IA,28413,Marketing,44100
82,IA,28413,History,31100
118,KS,25932,Med,38800
118,KS,25932,Communication,38800
118,KS,25932,Computer,62900
118,KS,25932,Education,37200
118,KS,25932,Chem,59700
118,KS,25932,Mechanical,63500
118,KS,25932,English,25500
118,KS,25932,Language,25500
118,KS,25932,Art,32500
118,KS,25932,Bio,33500
118,KS,25932,Education,31100
118,KS,25932,Psychology,27900
118,KS,25932,Economics,39400
118,KS,25932,Politic,36300
118,KS,25932,Art,36800
118,KS,25932,Design,36800
118,KS,25932,Art,25100
118,KS,25932,Art,18700
118,KS,25932,Nursing,57500
118,KS,25932,Business,41100
118,KS,25932,Management,53000
118,KS,25932,Business,53000
118,KS,25932,Finance,49200
118,KS,25932,Management,49200
118,KS,25932,Management,52100
118,KS,25932,Marketing,44700
135,KS,23429,Management,51700
135,KS,23429,Business,51700
135,KS,23429,Architecture,48500
135,KS,23429,Education,36500
135,KS,23429,Education,38300
135,KS,23429,Chem,67900
135,KS,23429,Communication,68700
135,KS,23429,Mechanical,63300
135,KS,23429,Bio,29400
135,KS,23429,Education,25600
135,KS,23429,Psychology,26000
135,KS,23429,Sociology,32700
135,KS,23429,Art,26100
135,KS,23429,Management,42300
135,KS,23429,Business,42300
135,KS,23429,Business,42800
135,KS,23429,Finance,45700
135,KS,23429,Management,45700
135,KS,23429,Management,34300
135,KS,23429,Marketing,43600
133,KY,26334,Management,36800
133,KY,26334,Business,36800
133,KY,26334,Architecture,30900
133,KY,26334,Med,32600
133,KY,26334,Communication,32600
133,KY,26334,Communication,23900
133,KY,26334,Communication,34600
133,KY,26334,Computer,56800
133,KY,26334,Education,34700
133,KY,26334,Education,34300
133,KY,26334,Education,27200
133,KY,26334,Chem,63300
133,KY,26334,Computer,59600
133,KY,26334,Communication,65800
133,KY,26334,Mechanical,63300
133,KY,26334,Language,25900
133,KY,26334,English,25900
133,KY,26334,Language,25900
133,KY,26334,Bio,21600
133,KY,26334,Math,33800
133,KY,26334,Psychology,26000
133,KY,26334,Economics,41300
133,KY,26334,Politic,30400
133,KY,26334,Sociology,26000
133,KY,26334,Art,40600
133,KY,26334,Design,40600
133,KY,26334,Art,18000
133,KY,26334,Art,23700
133,KY,26334,Med,50800
133,KY,26334,Nursing,56500
133,KY,26334,Business,40800
133,KY,26334,Business,39500
133,KY,26334,Economics,39500
133,KY,26334,Finance,45300
133,KY,26334,Management,45300
133,KY,26334,Management,34400
133,KY,26334,Marketing,40900
133,KY,26334,History,27300
171,KY,24626,Med,31200
171,KY,24626,Communication,31200
171,KY,24626,Education,34800
171,KY,24626,Education,46700
171,KY,24626,Chem,71800
171,KY,24626,Computer,66600
171,KY,24626,Communication,66200
171,KY,24626,Mechanical,60400
171,KY,24626,Language,25600
171,KY,24626,English,28300
171,KY,24626,Language,28300
171,KY,24626,Art,26300
171,KY,24626,Bio,27000
171,KY,24626,Education,27900
171,KY,24626,Psychology,29700
171,KY,24626,Criminal,34600
171,KY,24626,Art,27500
171,KY,24626,Politic,31900
171,KY,24626,Sociology,30600
171,KY,24626,Art,25600
171,KY,24626,Nursing,58100
171,KY,24626,Business,36100
171,KY,24626,Economics,36100
171,KY,24626,Finance,42900
171,KY,24626,Management,42900
171,KY,24626,Management,60000
171,KY,24626,Marketing,40500
171,KY,24626,History,25200
202,LA,25851,Education,39300
202,LA,25851,Mechanical,62700
202,LA,25851,Art,28100
202,LA,25851,Management,38500
202,LA,25851,Business,38500
183,ME,29498,Management,26700
183,ME,29498,Med,24600
183,ME,29498,Communication,24600
183,ME,29498,Education,33700
183,ME,29498,Education,31800
183,ME,29498,Chem,68400
183,ME,29498,Mechanical,62200
183,ME,29498,Mechanical,53100
183,ME,29498,English,23300
183,ME,29498,Language,23300
183,ME,29498,Bio,26700
183,ME,29498,Psychology,27700
183,ME,29498,Nursing,59300
183,ME,29498,Management,39300
183,ME,29498,Business,39300
183,ME,29498,Finance,39800
183,ME,29498,Management,39800
183,ME,29498,Marketing,40400
10,MD,50410,Computer,92700
10,MD,50410,Med,69700
10,MD,50410,Bio,69700
10,MD,50410,Chem,57700
10,MD,50410,Mechanical,69000
10,MD,50410,Bio,30500
10,MD,50410,Bio,32600
10,MD,50410,Math,78600
10,MD,50410,Psychology,35500
10,MD,50410,Economics,70800
10,MD,50410,Politic,44700
10,MD,50410,Music,19500
10,MD,50410,Nursing,69400
31,MA,51296,Med,45700
31,MA,51296,Communication,45700
31,MA,51296,Computer,76500
31,MA,51296,Education,40800
31,MA,51296,Language,58200
31,MA,51296,English,38800
31,MA,51296,Language,38800
31,MA,51296,Bio,34700
31,MA,51296,Bio,31600
31,MA,51296,Chem,31600
31,MA,51296,Physics,31600
31,MA,51296,Math,65700
31,MA,51296,Philosophy,38600
31,MA,51296,Psychology,40800
31,MA,51296,Psychology,41000
31,MA,51296,Economics,65800
31,MA,51296,Politic,44600
31,MA,51296,Sociology,43000
31,MA,51296,Nursing,66500
31,MA,51296,Management,59100
31,MA,51296,Business,59100
31,MA,51296,Finance,68500
31,MA,51296,Management,68500
31,MA,51296,Marketing,57700
31,MA,51296,History,39300
39,MA,50240,Med,42900
39,MA,50240,Communication,42900
39,MA,50240,Communication,32000
39,MA,50240,Computer,78200
39,MA,50240,Education,36100
39,MA,50240,Education,40900
39,MA,50240,Med,55300
39,MA,50240,Bio,55300
39,MA,50240,Computer,80000
39,MA,50240,Communication,67800
39,MA,50240,Mechanical,66900
39,MA,50240,Language,31000
39,MA,50240,English,34200
39,MA,50240,Language,34200
39,MA,50240,Bio,31600
39,MA,50240,Bio,39500
39,MA,50240,Chem,39500
39,MA,50240,Physics,39500
39,MA,50240,Bio,28500
39,MA,50240,Bio,35700
39,MA,50240,Math,44400
39,MA,50240,Psychology,33700
39,MA,50240,Psychology,34100
39,MA,50240,Psychology,30000
39,MA,50240,Economics,50000
39,MA,50240,Politic,38900
39,MA,50240,Sociology,39600
39,MA,50240,Art,39000
39,MA,50240,Design,39000
39,MA,50240,Art,22700
39,MA,50240,Art,23100
39,MA,50240,Music,29600
39,MA,50240,Management,56300
39,MA,50240,Business,56300
39,MA,50240,Management,44800
39,MA,50240,History,28100
34,MA,51570,Computer,70400
34,MA,51570,English,33400
34,MA,51570,Language,33400
34,MA,51570,Bio,34900
34,MA,51570,Bio,33300
34,MA,51570,Psychology,35400
34,MA,51570,Economics,59100
34,MA,51570,Politic,39700
34,MA,51570,Sociology,37000
34,MA,51570,Business,47900
34,MA,51570,History,37700
74,MA,43150,Med,27100
74,MA,43150,Communication,27100
74,MA,43150,English,24900
74,MA,43150,Language,24900
74,MA,43150,Psychology,28900
74,MA,43150,Politic,25500
74,MA,43150,Management,35000
2,MA,47074,Computer,128900
2,MA,47074,English,37300
2,MA,47074,Language,37300
2,MA,47074,Bio,48200
2,MA,47074,Bio,39100
2,MA,47074,Bio,45100
2,MA,47074,Math,80500
2,MA,47074,Psychology,47000
2,MA,47074,Economics,78800
2,MA,47074,Politic,51800
2,MA,47074,Sociology,53800
2,MA,47074,History,48000
197,MA,25750,Art,28500
197,MA,25750,Psychology,29500
197,MA,25750,Psychology,30200
197,MA,25750,Art,25300
197,MA,25750,Design,25300
197,MA,25750,Art,25700
197,MA,25750,Management,42800
197,MA,25750,Business,42800
7,MA,48452,Computer,118100
7,MA,48452,Med,62600
7,MA,48452,Bio,62600
7,MA,48452,Chem,78200
7,MA,48452,Communication,116600
7,MA,48452,Mechanical,75100
7,MA,48452,Bio,36700
7,MA,48452,Math,120300
7,MA,48452,Physics,73900
7,MA,48452,Business,88700
39,MA,47655,Architecture,50600
39,MA,47655,Med,45400
39,MA,47655,Communication,45400
39,MA,47655,Computer,85800
39,MA,47655,Chem,68600
39,MA,47655,Computer,88000
39,MA,47655,Communication,74600
39,MA,47655,Mechanical,69600
39,MA,47655,English,34900
39,MA,47655,Language,34900
39,MA,47655,Bio,38100
39,MA,47655,Bio,47800
39,MA,47655,Chem,47800
39,MA,47655,Physics,47800
39,MA,47655,Bio,37600
39,MA,47655,Math,63700
39,MA,47655,Chem,45300
39,MA,47655,Psychology,36800
39,MA,47655,Psychology,37500
39,MA,47655,Criminal,43800
39,MA,47655,Economics,56700
39,MA,47655,Politic,43900
39,MA,47655,Sociology,31800
39,MA,47655,Art,54100
39,MA,47655,Design,54100
39,MA,47655,Music,32300
39,MA,47655,Med,40000
39,MA,47655,Nursing,67300
39,MA,47655,Business,60700
39,MA,47655,Management,61500
39,MA,47655,Business,61500
39,MA,47655,Finance,53500
39,MA,47655,Management,53500
39,MA,47655,Business,65600
188,MA,35578,Med,36600
188,MA,35578,Communication,36600
188,MA,35578,English,20600
188,MA,35578,Language,20600
188,MA,35578,Bio,32300
188,MA,35578,Psychology,37400
188,MA,35578,Economics,45200
188,MA,35578,Politic,37100
188,MA,35578,Sociology,35100
188,MA,35578,Art,39300
188,MA,35578,Design,39300
188,MA,35578,Management,41900
188,MA,35578,Business,41900
188,MA,35578,Business,42900
188,MA,35578,Finance,49400
188,MA,35578,Management,49400
188,MA,35578,Marketing,42600
27,MA,52430,Computer,88200
27,MA,52430,Chem,66700
27,MA,52430,Mechanical,65600
27,MA,52430,Language,41900
27,MA,52430,English,30800
27,MA,52430,Language,30800
27,MA,52430,Bio,36300
27,MA,52430,Bio,40400
27,MA,52430,Psychology,40400
27,MA,52430,Psychology,44600
27,MA,52430,Economics,62900
27,MA,52430,Politic,46200
27,MA,52430,Art,20500
60,MA,46994,Computer,88000
60,MA,46994,Med,54800
60,MA,46994,Bio,54800
60,MA,46994,Chem,68800
60,MA,46994,Communication,70700
60,MA,46994,Mechanical,65800
60,MA,46994,Bio,37400
60,MA,46994,Management,64300
60,MA,46994,Marketing,64300
60,MA,46994,Business,64300
202,MI,23670,Med,37000
202,MI,23670,Communication,37000
202,MI,23670,Communication,27300
202,MI,23670,Communication,35200
202,MI,23670,Computer,59300
202,MI,23670,Computer,63200
202,MI,23670,Education,39200
202,MI,23670,Education,36400
202,MI,23670,Education,36600
202,MI,23670,Communication,72300
202,MI,23670,Mechanical,71400
202,MI,23670,Mechanical,60900
202,MI,23670,Language,26000
202,MI,23670,English,26100
202,MI,23670,Language,26100
202,MI,23670,Bio,28800
202,MI,23670,Bio,30500
202,MI,23670,Management,30900
202,MI,23670,Education,29100
202,MI,23670,Psychology,28300
202,MI,23670,Politic,32000
202,MI,23670,Sociology,27300
202,MI,23670,Art,35300
202,MI,23670,Design,35300
202,MI,23670,Art,18200
202,MI,23670,Art,20200
202,MI,23670,Music,20100
202,MI,23670,Med,40600
202,MI,23670,Management,49800
202,MI,23670,Business,49800
202,MI,23670,Business,36300
202,MI,23670,Finance,43400
202,MI,23670,Management,43400
202,MI,23670,Management,34000
202,MI,23670,Management,45200
202,MI,23670,Management,61100
202,MI,23670,Management,51700
202,MI,23670,Marketing,51200
202,MI,23670,Marketing,30600
202,MI,23670,History,23300
82,MI,39090,Management,44300
82,MI,39090,Business,44300
82,MI,39090,Management,24600
82,MI,39090,Med,36200
82,MI,39090,Communication,36200
82,MI,39090,Communication,39000
82,MI,39090,Computer,70200
82,MI,39090,Education,38100
82,MI,39090,Chem,67400
82,MI,39090,Computer,72900
82,MI,39090,Communication,74700
82,MI,39090,Mechanical,72600
82,MI,39090,Language,30600
82,MI,39090,Language,23100
82,MI,39090,English,27800
82,MI,39090,Language,27800
82,MI,39090,Art,27000
82,MI,39090,Bio,25800
82,MI,39090,Bio,36200
82,MI,39090,Chem,36200
82,MI,39090,Physics,36200
82,MI,39090,Bio,33900
82,MI,39090,Bio,23200
82,MI,39090,Bio,23900
82,MI,39090,Bio,25200
82,MI,39090,Math,37400
82,MI,39090,Education,28200
82,MI,39090,Chem,38800
82,MI,39090,Physics,47000
82,MI,39090,Psychology,29400
82,MI,39090,Criminal,34700
82,MI,39090,Economics,45300
82,MI,39090,Art,38100
82,MI,39090,Politic,37700
82,MI,39090,Sociology,37100
82,MI,39090,Art,34100
82,MI,39090,Design,34100
82,MI,39090,Art,19800
82,MI,39090,Art,24000
82,MI,39090,Music,38100
82,MI,39090,Med,33600
82,MI,39090,Med,47700
82,MI,39090,Nursing,60400
82,MI,39090,Management,59200
82,MI,39090,Business,59200
82,MI,39090,Finance,55300
82,MI,39090,Management,55300
82,MI,39090,Management,40700
82,MI,39090,Management,59700
82,MI,39090,Management,50900
82,MI,39090,Marketing,51300
82,MI,39090,History,30800
118,MI,30968,Computer,71600
118,MI,30968,Computer,63500
118,MI,30968,Management,63500
118,MI,30968,Med,64800
118,MI,30968,Bio,64800
118,MI,30968,Chem,68100
118,MI,30968,Computer,74700
118,MI,30968,Communication,71700
118,MI,30968,Mechanical,69700
118,MI,30968,Mechanical,63100
118,MI,30968,Management,56000
118,MI,30968,Business,56000
194,MI,25713,Med,31200
194,MI,25713,Communication,31200
194,MI,25713,Communication,35800
194,MI,25713,Computer,51700
194,MI,25713,Computer,60900
194,MI,25713,Education,37800
194,MI,25713,Education,35000
194,MI,25713,Education,35100
194,MI,25713,Chem,55300
194,MI,25713,Communication,68800
194,MI,25713,Mechanical,66400
194,MI,25713,Design,59100
194,MI,25713,Language,31600
194,MI,25713,Bio,31900
194,MI,25713,Education,28900
194,MI,25713,Psychology,28100
194,MI,25713,Psychology,28300
194,MI,25713,Criminal,31400
194,MI,25713,Art,28700
194,MI,25713,Politic,30100
194,MI,25713,Sociology,28700
194,MI,25713,Art,42300
194,MI,25713,Design,42300
194,MI,25713,Art,17200
194,MI,25713,Art,25100
194,MI,25713,Art,20500
194,MI,25713,Med,28600
194,MI,25713,Med,47900
194,MI,25713,Nursing,61200
194,MI,25713,Management,49000
194,MI,25713,Business,49000
194,MI,25713,Finance,43200
194,MI,25713,Management,43200
194,MI,25713,Management,39900
194,MI,25713,Marketing,43200
135,MS,22012,Communication,35100
135,MS,22012,Education,32800
135,MS,22012,Education,33500
135,MS,22012,Mechanical,59300
135,MS,22012,Art,26100
135,MS,22012,Education,22600
135,MS,22012,Psychology,22400
135,MS,22012,Criminal,26900
135,MS,22012,Med,47100
135,MS,22012,Nursing,56400
135,MS,22012,Management,36600
135,MS,22012,Business,36600
135,MS,22012,Finance,41500
135,MS,22012,Management,41500
135,MS,22012,Management,31800
135,MS,22012,Marketing,39800
176,MS,20142,Management,37100
176,MS,20142,Business,37100
176,MS,20142,Management,27200
176,MS,20142,Architecture,46700
176,MS,20142,Med,24800
176,MS,20142,Communication,24800
176,MS,20142,Computer,51000
176,MS,20142,Education,33000
176,MS,20142,Education,33600
176,MS,20142,Education,33100
176,MS,20142,Chem,74200
176,MS,20142,Communication,70800
176,MS,20142,Mechanical,70300
176,MS,20142,Bio,31700
176,MS,20142,Education,26700
176,MS,20142,Art,33300
176,MS,20142,Psychology,22400
176,MS,20142,Psychology,19500
176,MS,20142,Politic,32100
176,MS,20142,Art,30200
176,MS,20142,Med,31000
176,MS,20142,Management,32100
176,MS,20142,Business,32100
176,MS,20142,Finance,42500
176,MS,20142,Management,42500
176,MS,20142,Management,40600
176,MS,20142,Marketing,37800
176,MS,20142,History,24600
220,MS,16094,Education,32900
220,MS,16094,Education,32500
220,MS,16094,English,21000
220,MS,16094,Language,21000
220,MS,16094,Bio,29500
220,MS,16094,Education,25300
220,MS,16094,Psychology,21000
220,MS,16094,Criminal,26100
220,MS,16094,Nursing,54900
220,MS,16094,Management,34000
220,MS,16094,Business,34000
220,MS,16094,Management,42700
220,MS,16094,Marketing,32400
96,MO,40726,Med,33000
96,MO,40726,Communication,33000
96,MO,40726,Computer,60700
96,MO,40726,Education,34200
96,MO,40726,Language,23000
96,MO,40726,Bio,19500
96,MO,40726,Math,39400
96,MO,40726,Psychology,29900
96,MO,40726,Criminal,38000
96,MO,40726,Politic,20000
96,MO,40726,Med,38900
96,MO,40726,Nursing,58000
96,MO,40726,Management,45200
96,MO,40726,Business,45200
96,MO,40726,Management,44400
96,MO,40726,History,24400
210,MT,23042,Management,30400
210,MT,23042,Business,30400
210,MT,23042,Computer,71400
210,MT,23042,Education,31900
210,MT,23042,Education,33200
210,MT,23042,Chem,40000
210,MT,23042,Communication,62300
210,MT,23042,Mechanical,58000
210,MT,23042,Mechanical,50900
210,MT,23042,Language,23400
210,MT,23042,English,28600
210,MT,23042,Language,28600
210,MT,23042,Art,26400
210,MT,23042,Bio,23500
210,MT,23042,Bio,29100
210,MT,23042,Bio,32700
210,MT,23042,Art,30300
210,MT,23042,Psychology,28300
210,MT,23042,Economics,35400
210,MT,23042,Politic,31200
210,MT,23042,Sociology,33500
210,MT,23042,Art,21700
210,MT,23042,Art,24000
210,MT,23042,Music,22900
210,MT,23042,Nursing,57700
210,MT,23042,Business,37900
210,MT,23042,History,26400
11,NH,51438,Computer,100500
11,NH,51438,English,40900
11,NH,51438,Language,40900
11,NH,51438,Bio,42600
11,NH,51438,Bio,42200
11,NH,51438,Psychology,38900
11,NH,51438,Economics,84200
11,NH,51438,Politic,59900
11,NH,51438,Sociology,41800
11,NH,51438,History,46400
176,NJ,20318,Med,32400
176,NJ,20318,Communication,32400
176,NJ,20318,Communication,35400
176,NJ,20318,Computer,49200
176,NJ,20318,Education,35300
176,NJ,20318,Language,23300
176,NJ,20318,English,27400
176,NJ,20318,Language,27400
176,NJ,20318,Art,25700
176,NJ,20318,Bio,20000
176,NJ,20318,Math,41000
176,NJ,20318,Education,28500
176,NJ,20318,Psychology,28000
176,NJ,20318,Politic,33300
176,NJ,20318,Sociology,29400
176,NJ,20318,Art,30400
176,NJ,20318,Design,30400
176,NJ,20318,Art,21000
176,NJ,20318,Art,22600
176,NJ,20318,Art,18900
176,NJ,20318,Music,21000
176,NJ,20318,Management,40900
176,NJ,20318,Business,40900
176,NJ,20318,History,36300
135,NJ,30326,Architecture,45100
135,NJ,30326,Computer,62500
135,NJ,30326,Med,55400
135,NJ,30326,Bio,55400
135,NJ,30326,Chem,53000
135,NJ,30326,Computer,71900
135,NJ,30326,Communication,68300
135,NJ,30326,Mechanical,59000
135,NJ,30326,Bio,28800
135,NJ,30326,Management,43400
135,NJ,30326,Business,43400
1,NJ,45320,Politic,47900
118,NJ,39258,Communication,32700
118,NJ,39258,Communication,36000
118,NJ,39258,Education,40300
118,NJ,39258,Art,28500
118,NJ,39258,Bio,28800
118,NJ,39258,Education,35900
118,NJ,39258,Psychology,25500
118,NJ,39258,Criminal,31600
118,NJ,39258,Economics,44500
118,NJ,39258,Politic,38300
118,NJ,39258,Sociology,37000
118,NJ,39258,Art,22400
118,NJ,39258,Design,22400
118,NJ,39258,Nursing,71400
118,NJ,39258,Finance,49600
118,NJ,39258,Management,49600
118,NJ,39258,Management,44300
118,NJ,39258,Marketing,39600
118,NJ,39258,History,29500
71,NJ,48838,Computer,76500
71,NJ,48838,Med,60800
71,NJ,48838,Bio,60800
71,NJ,48838,Chem,63900
71,NJ,48838,Computer,69500
71,NJ,48838,Communication,74700
71,NJ,48838,Mechanical,65000
71,NJ,48838,Management,68900
71,NJ,48838,Business,68900
146,NY,34034,Med,21900
146,NY,34034,Communication,21900
146,NY,34034,Education,29700
146,NY,34034,Bio,20700
146,NY,34034,Education,20500
146,NY,34034,Psychology,24800
146,NY,34034,Criminal,30500
146,NY,34034,Art,19000
146,NY,34034,Art,28300
146,NY,34034,Nursing,86700
146,NY,34034,Management,42100
146,NY,34034,Business,42100
146,NY,34034,Finance,46100
146,NY,34034,Management,46100
146,NY,34034,Marketing,36400
129,NY,46132,Computer,78300
129,NY,46132,Chem,65400
129,NY,46132,Computer,70900
129,NY,46132,Communication,67900
129,NY,46132,Mechanical,63800
129,NY,46132,Bio,21600
129,NY,46132,Management,54500
129,NY,46132,Business,54500
129,NY,46132,Business,38400
15,NY,50953,Management,73300
15,NY,50953,Business,73300
15,NY,50953,Architecture,48400
15,NY,50953,Med,47100
15,NY,50953,Communication,47100
15,NY,50953,Computer,79600
15,NY,50953,Computer,116300
15,NY,50953,Chem,77500
15,NY,50953,Communication,87200
15,NY,50953,Mechanical,72700
15,NY,50953,English,32200
15,NY,50953,Language,32200
15,NY,50953,Bio,32800
15,NY,50953,Med,36200
15,NY,50953,Bio,36200
15,NY,50953,Math,76300
15,NY,50953,Chem,31000
15,NY,50953,Psychology,43300
15,NY,50953,Economics,67500
15,NY,50953,Politic,45100
15,NY,50953,Sociology,38100
15,NY,50953,Art,38000
15,NY,50953,Management,57900
15,NY,50953,Management,66700
60,NY,47317,Med,39400
60,NY,47317,Communication,39400
60,NY,47317,Computer,55600
60,NY,47317,Language,34200
60,NY,47317,English,32500
60,NY,47317,Language,32500
60,NY,47317,Art,20700
60,NY,47317,Bio,30400
60,NY,47317,Bio,24100
60,NY,47317,Psychology,36900
60,NY,47317,Economics,50000
60,NY,47317,Politic,41400
60,NY,47317,Sociology,30400
60,NY,47317,Art,21700
60,NY,47317,Art,28800
60,NY,47317,Management,50800
60,NY,47317,Business,50800
60,NY,47317,Finance,66900
60,NY,47317,Management,66900
60,NY,47317,Marketing,45800
60,NY,47317,History,38800
133,NY,42160,Communication,32200
133,NY,42160,Communication,36400
133,NY,42160,Education,33900
133,NY,42160,Education,35300
133,NY,42160,Mechanical,58000
133,NY,42160,Language,29100
133,NY,42160,English,31200
133,NY,42160,Language,31200
133,NY,42160,Bio,21000
133,NY,42160,Psychology,29300
133,NY,42160,Politic,37500
133,NY,42160,Sociology,30300
133,NY,42160,Art,19800
133,NY,42160,Management,41600
133,NY,42160,Business,41600
133,NY,42160,Finance,51000
133,NY,42160,Management,51000
133,NY,42160,Management,48300
133,NY,42160,Marketing,41000
133,NY,42160,History,31900
36,NY,49062,Med,43200
36,NY,49062,Communication,43200
36,NY,49062,Communication,42600
36,NY,49062,Computer,76700
36,NY,49062,Education,43000
36,NY,49062,Education,51500
36,NY,49062,Chem,47700
36,NY,49062,Computer,75400
36,NY,49062,Communication,55700
36,NY,49062,Mechanical,49600
36,NY,49062,Language,32400
36,NY,49062,English,34800
36,NY,49062,Language,34800
36,NY,49062,Art,34100
36,NY,49062,Bio,25000
36,NY,49062,Bio,32900
36,NY,49062,Chem,32900
36,NY,49062,Physics,32900
36,NY,49062,Bio,25100
36,NY,49062,Bio,32400
36,NY,49062,Math,53400
36,NY,49062,Philosophy,24500
36,NY,49062,Chem,35000
36,NY,49062,Psychology,32400
36,NY,49062,Economics,56900
36,NY,49062,Politic,47200
36,NY,49062,Sociology,41000
36,NY,49062,Art,21700
36,NY,49062,Art,27000
36,NY,49062,Art,24600
36,NY,49062,Music,16900
36,NY,49062,Art,31100
36,NY,49062,Nursing,91800
36,NY,49062,Business,77100
36,NY,49062,Management,50300
36,NY,49062,Management,45300
36,NY,49062,Marketing,45300
36,NY,49062,Business,45300
36,NY,49062,History,39000
188,NY,42772,Med,35400
188,NY,42772,Communication,35400
188,NY,42772,Communication,36900
188,NY,42772,Computer,51400
188,NY,42772,Computer,51300
188,NY,42772,Management,51300
188,NY,42772,Art,27500
188,NY,42772,Bio,26800
188,NY,42772,Psychology,27600
188,NY,42772,Psychology,35400
188,NY,42772,Criminal,26900
188,NY,42772,Economics,55800
188,NY,42772,Politic,30900
188,NY,42772,Art,23600
188,NY,42772,Art,27100
188,NY,42772,Med,27400
188,NY,42772,Management,27400
188,NY,42772,Art,27400
188,NY,42772,Nursing,84500
188,NY,42772,Management,42300
188,NY,42772,Business,42300
188,NY,42772,Finance,56000
188,NY,42772,Management,56000
188,NY,42772,Management,41600
188,NY,42772,Management,42400
188,NY,42772,Business,43700
188,NY,42772,Marketing,42900
39,NY,50797,Architecture,50200
39,NY,50797,Computer,91900
39,NY,50797,Med,66500
39,NY,50797,Bio,66500
39,NY,50797,Chem,66000
39,NY,50797,Communication,74000
39,NY,50797,Mechanical,66700
39,NY,50797,Computer,88400
39,NY,50797,Math,70500
39,NY,50797,Physics,65300
39,NY,50797,Art,33600
39,NY,50797,Design,33600
39,NY,50797,Management,57700
39,NY,50797,Business,57700
107,NY,38568,Communication,51100
107,NY,38568,Computer,68000
107,NY,38568,Computer,85300
107,NY,38568,Computer,62000
107,NY,38568,Med,62000
107,NY,38568,Computer,71800
107,NY,38568,Communication,71800
107,NY,38568,Computer,83600
107,NY,38568,Management,83600
107,NY,38568,Med,64200
107,NY,38568,Bio,64200
107,NY,38568,Chem,67200
107,NY,38568,Computer,73800
107,NY,38568,Communication,68100
107,NY,38568,Mechanical,67600
107,NY,38568,Mechanical,62700
107,NY,38568,Mechanical,65200
107,NY,38568,Language,30200
107,NY,38568,Art,31900
107,NY,38568,Bio,28300
107,NY,38568,Bio,34800
107,NY,38568,Math,38800
107,NY,38568,Criminal,30900
107,NY,38568,Art,29400
107,NY,38568,Design,29400
107,NY,38568,Art,28900
107,NY,38568,Med,30400
107,NY,38568,Management,41000
107,NY,38568,Business,41000
107,NY,38568,Management,30200
107,NY,38568,Management,68800
107,NY,38568,Marketing,47900
32,NY,50142,Computer,81200
32,NY,50142,Mechanical,64600
32,NY,50142,English,25000
32,NY,50142,Language,25000
32,NY,50142,Bio,26400
32,NY,50142,Psychology,34700
32,NY,50142,Psychology,32700
32,NY,50142,Economics,56600
32,NY,50142,Politic,43800
32,NY,50142,Music,19000
32,NY,50142,Nursing,64800
99,NY,17620,Management,35500
99,NY,17620,Architecture,41700
99,NY,17620,Bio,20500
99,NY,17620,Bio,22800
60,NY,45022,Architecture,50400
60,NY,45022,Med,27100
60,NY,45022,Communication,27100
60,NY,45022,Communication,28700
60,NY,45022,Communication,44600
60,NY,45022,Mechanical,65000
60,NY,45022,English,30100
60,NY,45022,Language,30100
60,NY,45022,Bio,29200
60,NY,45022,Education,26500
60,NY,45022,Psychology,33600
60,NY,45022,Economics,45900
60,NY,45022,Politic,37600
60,NY,45022,Sociology,35100
60,NY,45022,Art,38000
60,NY,45022,Design,38000
60,NY,45022,Art,23100
60,NY,45022,Art,17700
60,NY,45022,Med,38100
60,NY,45022,Management,38100
60,NY,45022,Art,38100
60,NY,45022,Management,49800
60,NY,45022,Business,49800
60,NY,45022,Business,53000
60,NY,45022,Finance,62400
60,NY,45022,Management,62400
60,NY,45022,Marketing,43800
60,NY,45022,History,33200
66,NY,40670,Management,53200
66,NY,40670,Business,53200
8,NC,51265,Computer,99600
8,NC,51265,Education,45400
8,NC,51265,Med,71700
8,NC,51265,Bio,71700
8,NC,51265,Computer,95200
8,NC,51265,Mechanical,73500
8,NC,51265,Language,40000
8,NC,51265,English,38700
8,NC,51265,Language,38700
8,NC,51265,Bio,34300
8,NC,51265,Bio,35900
8,NC,51265,Bio,39900
8,NC,51265,Math,74700
8,NC,51265,Psychology,39100
8,NC,51265,Economics,89800
8,NC,51265,Politic,47400
8,NC,51265,Sociology,37300
8,NC,51265,Nursing,62700
8,NC,51265,History,51400
210,NC,22904,Med,32700
210,NC,22904,Communication,32700
210,NC,22904,Computer,62600
210,NC,22904,Computer,60700
210,NC,22904,Education,37500
210,NC,22904,Education,36700
210,NC,22904,Education,37000
210,NC,22904,Language,26900
210,NC,22904,English,21000
210,NC,22904,Language,21000
210,NC,22904,Art,27800
210,NC,22904,Bio,29400
210,NC,22904,Education,29600
210,NC,22904,Chem,37700
210,NC,22904,Psychology,27100
210,NC,22904,Criminal,32900
210,NC,22904,Economics,32900
210,NC,22904,Politic,31500
210,NC,22904,Sociology,25900
210,NC,22904,Art,15100
210,NC,22904,Art,23400
210,NC,22904,Med,36000
210,NC,22904,Med,46800
210,NC,22904,Nursing,58300
210,NC,22904,Management,40000
210,NC,22904,Business,40000
210,NC,22904,Business,42300
210,NC,22904,Finance,41800
210,NC,22904,Management,41800
210,NC,22904,Management,33600
210,NC,22904,Management,48500
210,NC,22904,Marketing,38800
210,NC,22904,History,34800
220,NC,29850,Education,24900
220,NC,29850,Psychology,25100
220,NC,29850,Psychology,28700
220,NC,29850,Criminal,29200
220,NC,29850,Nursing,59100
220,NC,29850,Management,33200
220,NC,29850,Business,33200
27,NC,49308,Med,37700
27,NC,49308,Communication,37700
27,NC,49308,Computer,69900
27,NC,49308,English,33500
27,NC,49308,Language,33500
27,NC,49308,Bio,34700
27,NC,49308,Education,26300
27,NC,49308,Psychology,32600
27,NC,49308,Economics,51700
27,NC,49308,Politic,42900
27,NC,49308,Sociology,36700
27,NC,49308,Business,60100
27,NC,49308,Finance,71900
27,NC,49308,Management,71900
27,NC,49308,History,33800
202,ND,18899,Med,35500
202,ND,18899,Communication,35500
202,ND,18899,Computer,54000
202,ND,18899,Education,35000
202,ND,18899,Education,39900
202,ND,18899,Communication,71400
202,ND,18899,Mechanical,63800
202,ND,18899,English,33900
202,ND,18899,Language,33900
202,ND,18899,Art,33000
202,ND,18899,Bio,33600
202,ND,18899,Education,28200
202,ND,18899,Psychology,31400
202,ND,18899,Criminal,36100
202,ND,18899,Med,54200
202,ND,18899,Nursing,60100
202,ND,18899,Management,39200
202,ND,18899,Business,39200
202,ND,18899,Marketing,40600
214,OH,20392,Education,33800
214,OH,20392,Education,28500
214,OH,20392,Education,29800
214,OH,20392,Bio,22300
214,OH,20392,Criminal,36800
214,OH,20392,Politic,31200
214,OH,20392,Nursing,55800
214,OH,20392,Management,44900
214,OH,20392,Business,44900
214,OH,20392,History,30900
37,OH,46006,Computer,69200
37,OH,46006,Med,60100
37,OH,46006,Bio,60100
37,OH,46006,Chem,69200
37,OH,46006,Communication,65700
37,OH,46006,Mechanical,65400
37,OH,46006,Bio,22000
37,OH,46006,Psychology,22000
37,OH,46006,Economics,40000
37,OH,46006,Nursing,59400
37,OH,46006,Finance,55900
37,OH,46006,Management,55900
111,OH,40940,Med,38500
111,OH,40940,Communication,38500
111,OH,40940,Education,38100
111,OH,40940,Education,34100
111,OH,40940,Chem,69900
111,OH,40940,Communication,66400
111,OH,40940,Mechanical,67300
111,OH,40940,Mechanical,63800
111,OH,40940,English,29800
111,OH,40940,Language,29800
111,OH,40940,Bio,27800
111,OH,40940,Education,34300
111,OH,40940,Psychology,28400
111,OH,40940,Criminal,36400
111,OH,40940,Politic,37700
111,OH,40940,Med,23800
111,OH,40940,Management,52100
111,OH,40940,Business,52100
111,OH,40940,Business,50600
111,OH,40940,Economics,50600
111,OH,40940,Business,43500
111,OH,40940,Finance,51800
111,OH,40940,Management,51800
111,OH,40940,Business,54500
111,OH,40940,Management,58800
111,OH,40940,Marketing,44600
86,OK,38796,Chem,67600
86,OK,38796,Mechanical,64900
86,OK,38796,Nursing,57500
86,OK,38796,Management,37000
86,OK,38796,Business,37000
143,OR,28846,Management,42800
143,OR,28846,Business,42800
143,OR,28846,Management,26900
143,OR,28846,Management,24800
143,OR,28846,Med,31200
143,OR,28846,Communication,31200
143,OR,28846,Communication,30500
143,OR,28846,Computer,69600
143,OR,28846,Education,36200
143,OR,28846,Med,42100
143,OR,28846,Bio,42100
143,OR,28846,Chem,57900
143,OR,28846,Communication,69300
143,OR,28846,Mechanical,61200
143,OR,28846,Business,36900
143,OR,28846,English,25800
143,OR,28846,Language,25800
143,OR,28846,Art,27700
143,OR,28846,Bio,28200
143,OR,28846,Bio,32000
143,OR,28846,Bio,20700
143,OR,28846,Math,29200
143,OR,28846,Education,27700
143,OR,28846,Chem,36700
143,OR,28846,Art,32600
143,OR,28846,Psychology,28600
143,OR,28846,Economics,36100
143,OR,28846,Politic,31000
143,OR,28846,Sociology,32200
143,OR,28846,Art,22800
143,OR,28846,Art,33500
143,OR,28846,Design,33500
143,OR,28846,Med,29200
143,OR,28846,Management,42900
143,OR,28846,Business,42900
143,OR,28846,Finance,48500
143,OR,28846,Management,48500
143,OR,28846,Management,45000
143,OR,28846,Marketing,41300
143,OR,28846,History,31700
103,OR,33442,Architecture,47800
103,OR,33442,Communication,36200
103,OR,33442,Computer,57100
103,OR,33442,Language,20700
103,OR,33442,Language,25000
103,OR,33442,Language,26700
103,OR,33442,English,22200
103,OR,33442,Language,22200
103,OR,33442,Bio,27200
103,OR,33442,Bio,28500
103,OR,33442,Chem,28500
103,OR,33442,Physics,28500
103,OR,33442,Math,38100
103,OR,33442,Bio,26100
103,OR,33442,Philosophy,19700
103,OR,33442,Chem,32800
103,OR,33442,Psychology,27400
103,OR,33442,Economics,39100
103,OR,33442,Art,27700
103,OR,33442,Politic,30800
103,OR,33442,Sociology,31500
103,OR,33442,Art,34100
103,OR,33442,Design,34100
103,OR,33442,Art,24900
103,OR,33442,Art,24200
103,OR,33442,Art,21700
103,OR,33442,Music,22700
103,OR,33442,Communication,28700
103,OR,33442,Business,42300
103,OR,33442,History,26300
24,PA,52040,Architecture,53700
24,PA,52040,Computer,138900
24,PA,52040,Chem,73100
24,PA,52040,Communication,99000
24,PA,52040,Mechanical,70400
24,PA,52040,Psychology,30700
24,PA,52040,Economics,62300
24,PA,52040,Art,87900
24,PA,52040,Design,87900
24,PA,52040,Art,24400
24,PA,52040,Management,76800
24,PA,52040,Business,76800
24,PA,52040,Finance,91500
24,PA,52040,Management,91500
96,PA,51030,Architecture,51400
96,PA,51030,Communication,41300
96,PA,51030,Computer,74800
96,PA,51030,Computer,64500
96,PA,51030,Management,64500
96,PA,51030,Education,35600
96,PA,51030,Med,55100
96,PA,51030,Bio,55100
96,PA,51030,Chem,68400
96,PA,51030,Computer,70800
96,PA,51030,Communication,67400
96,PA,51030,Mechanical,65100
96,PA,51030,Art,41400
96,PA,51030,Bio,36100
96,PA,51030,Math,55400
96,PA,51030,Education,27600
96,PA,51030,Psychology,30900
96,PA,51030,Economics,61000
96,PA,51030,Art,43500
96,PA,51030,Design,43500
96,PA,51030,Art,18500
96,PA,51030,Med,26900
96,PA,51030,Management,26900
96,PA,51030,Art,26900
96,PA,51030,Med,42900
96,PA,51030,Med,31300
96,PA,51030,Nursing,69900
96,PA,51030,Business,56000
96,PA,51030,Management,56100
96,PA,51030,Business,56100
96,PA,51030,Business,48300
96,PA,51030,Finance,61500
96,PA,51030,Management,61500
96,PA,51030,Business,54000
96,PA,51030,Management,59500
96,PA,51030,Management,58900
96,PA,51030,Marketing,47700
96,PA,51030,Management,66000
124,PA,35062,Communication,32500
124,PA,35062,Computer,58200
124,PA,35062,Computer,39800
124,PA,35062,Med,39800
124,PA,35062,Education,30700
124,PA,35062,Education,34900
124,PA,35062,English,34800
124,PA,35062,Language,34800
124,PA,35062,Bio,28600
124,PA,35062,Math,40600
124,PA,35062,Psychology,27600
124,PA,35062,Music,20000
124,PA,35062,Nursing,59600
124,PA,35062,Management,48900
124,PA,35062,Business,48900
124,PA,35062,Finance,48200
124,PA,35062,Management,48200
124,PA,35062,Management,56500
124,PA,35062,Management,39300
124,PA,35062,Marketing,37500
152,PA,35210,Education,26400
152,PA,35210,Education,28400
152,PA,35210,Psychology,26000
152,PA,35210,Nursing,75300
152,PA,35210,Management,49800
152,PA,35210,Business,49800
152,PA,35210,Management,55900
44,PA,48320,Computer,67300
44,PA,48320,Computer,72900
44,PA,48320,Chem,72800
44,PA,48320,Communication,72100
44,PA,48320,Mechanical,68200
44,PA,48320,Psychology,40000
44,PA,48320,Management,58800
44,PA,48320,Business,58800
44,PA,48320,Business,67000
44,PA,48320,Economics,67000
44,PA,48320,Finance,68200
44,PA,48320,Management,68200
44,PA,48320,Marketing,49600
8,PA,51464,Med,49400
8,PA,51464,Communication,49400
8,PA,51464,Computer,135200
8,PA,51464,Computer,109200
8,PA,51464,Med,74300
8,PA,51464,Bio,74300
8,PA,51464,Chem,73000
8,PA,51464,Mechanical,68300
8,PA,51464,English,29300
8,PA,51464,Language,29300
8,PA,51464,Bio,34900
8,PA,51464,Bio,33500
8,PA,51464,Philosophy,63600
8,PA,51464,Psychology,35500
8,PA,51464,Economics,74700
8,PA,51464,Politic,51100
8,PA,51464,Nursing,64700
8,PA,51464,Management,65700
8,PA,51464,Business,65700
8,PA,51464,Finance,107700
8,PA,51464,Management,107700
8,PA,51464,Marketing,64400
8,PA,51464,History,50900
188,PA,28250,Education,25700
188,PA,28250,Math,50700
188,PA,28250,Art,22900
188,PA,28250,Design,22900
188,PA,28250,Nursing,57000
188,PA,28250,Management,38700
188,PA,28250,Business,38700
188,PA,28250,Finance,42700
188,PA,28250,Management,42700
188,PA,28250,Marketing,37800
118,PA,25994,Architecture,40800
118,PA,25994,Architecture,43500
118,PA,25994,Med,30000
118,PA,25994,Communication,30000
118,PA,25994,Communication,29100
118,PA,25994,Communication,35800
118,PA,25994,Computer,63800
118,PA,25994,Education,35300
118,PA,25994,Education,35000
118,PA,25994,Communication,66600
118,PA,25994,Mechanical,57900
118,PA,25994,Language,29400
118,PA,25994,English,27100
118,PA,25994,Language,27100
118,PA,25994,Bio,37300
118,PA,25994,Bio,37800
118,PA,25994,Chem,37800
118,PA,25994,Physics,37800
118,PA,25994,Bio,32800
118,PA,25994,Math,42300
118,PA,25994,Education,29800
118,PA,25994,Philosophy,30400
118,PA,25994,Chem,39700
118,PA,25994,Psychology,28500
118,PA,25994,Criminal,33600
118,PA,25994,Economics,43700
118,PA,25994,Art,28700
118,PA,25994,Politic,33200
118,PA,25994,Sociology,32500
118,PA,25994,Art,20700
118,PA,25994,Art,39200
118,PA,25994,Design,39200
118,PA,25994,Art,18800
118,PA,25994,Art,21900
118,PA,25994,Art,22200
118,PA,25994,Music,15500
118,PA,25994,Communication,25500
118,PA,25994,Nursing,65200
118,PA,25994,Business,44400
118,PA,25994,Business,38400
118,PA,25994,Finance,47200
118,PA,25994,Management,47200
118,PA,25994,Management,40300
118,PA,25994,Management,44500
118,PA,25994,Business,40000
118,PA,25994,Management,51200
118,PA,25994,Management,65100
118,PA,25994,Marketing,42300
118,PA,25994,History,29200
50,PA,49280,Med,42200
50,PA,49280,Communication,42200
50,PA,49280,Computer,63700
50,PA,49280,Chem,66500
50,PA,49280,Computer,72800
50,PA,49280,Communication,72600
50,PA,49280,Mechanical,67400
50,PA,49280,English,37600
50,PA,49280,Language,37600
50,PA,49280,Art,37400
50,PA,49280,Bio,24200
50,PA,49280,Psychology,35600
50,PA,49280,Economics,55300
50,PA,49280,Politic,43500
50,PA,49280,Nursing,67800
50,PA,49280,Business,83000
50,PA,49280,Economics,83000
50,PA,49280,Finance,68300
50,PA,49280,Management,68300
50,PA,49280,Business,59500
50,PA,49280,Management,65900
50,PA,49280,Marketing,53500
183,PA,42870,Education,32000
183,PA,42870,Mechanical,60900
183,PA,42870,Bio,32700
183,PA,42870,Psychology,32300
183,PA,42870,Criminal,36900
183,PA,42870,Nursing,67000
183,PA,42870,Management,37200
183,PA,42870,Business,37200
183,PA,42870,Management,42200
183,PA,42870,Management,41200
183,PA,42870,Marketing,41200
183,PA,42870,Business,41200
14,RI,51367,Computer,141100
14,RI,51367,English,34700
14,RI,51367,Language,34700
14,RI,51367,Bio,30500
14,RI,51367,Bio,36900
14,RI,51367,Math,91700
14,RI,51367,Bio,24100
14,RI,51367,Economics,58400
14,RI,51367,Politic,44300
14,RI,51367,Art,31800
14,RI,51367,Business,63900
14,RI,51367,History,42900
159,RI,28852,Business,34000
159,RI,28852,Management,17000
159,RI,28852,Architecture,36600
159,RI,28852,Med,33100
159,RI,28852,Communication,33100
159,RI,28852,Communication,38500
159,RI,28852,Computer,64300
159,RI,28852,Education,34200
159,RI,28852,Education,28100
159,RI,28852,Med,60100
159,RI,28852,Bio,60100
159,RI,28852,Chem,55700
159,RI,28852,Computer,68700
159,RI,28852,Communication,67900
159,RI,28852,Mechanical,62700
159,RI,28852,Language,48500
159,RI,28852,Language,39300
159,RI,28852,English,29200
159,RI,28852,Language,29200
159,RI,28852,Bio,36200
159,RI,28852,Bio,39600
159,RI,28852,Bio,22800
159,RI,28852,Math,43100
159,RI,28852,Psychology,30400
159,RI,28852,Economics,35000
159,RI,28852,Politic,28900
159,RI,28852,Sociology,34700
159,RI,28852,Art,22800
159,RI,28852,Art,24300
159,RI,28852,Music,33800
159,RI,28852,Communication,28700
159,RI,28852,Med,57800
159,RI,28852,Nursing,63300
159,RI,28852,Management,45600
159,RI,28852,Business,45600
159,RI,28852,Finance,50900
159,RI,28852,Management,50900
159,RI,28852,Marketing,44500
159,RI,28852,History,26200
66,SC,32796,Management,45600
66,SC,32796,Business,45600
66,SC,32796,Architecture,40300
66,SC,32796,Architecture,40900
66,SC,32796,Computer,63400
66,SC,32796,Education,33300
66,SC,32796,Education,32600
66,SC,32796,Med,58600
66,SC,32796,Bio,58600
66,SC,32796,Chem,72400
66,SC,32796,Computer,64900
66,SC,32796,Communication,65000
66,SC,32796,Mechanical,64100
66,SC,32796,Language,34500
66,SC,32796,English,31000
66,SC,32796,Language,31000
66,SC,32796,Bio,25900
66,SC,32796,Bio,29600
66,SC,32796,Math,42700
66,SC,32796,Management,28000
66,SC,32796,Chem,36400
66,SC,32796,Psychology,27900
66,SC,32796,Economics,37900
66,SC,32796,Politic,37300
66,SC,32796,Sociology,31300
66,SC,32796,Art,41100
66,SC,32796,Design,41100
66,SC,32796,Nursing,57000
66,SC,32796,Management,40800
66,SC,32796,Business,40800
66,SC,32796,Finance,46000
66,SC,32796,Management,46000
66,SC,32796,Marketing,42900
66,SC,32796,Management,58000
66,SC,32796,History,29500
202,SD,11403,Management,45200
202,SD,11403,Business,45200
202,SD,11403,Business,33500
202,SD,11403,Management,31800
202,SD,11403,Communication,33100
202,SD,11403,Computer,63500
202,SD,11403,Education,31900
202,SD,11403,Education,37500
202,SD,11403,Mechanical,60400
202,SD,11403,Language,27600
202,SD,11403,Economics,36600
202,SD,11403,Art,37700
202,SD,11403,Bio,30600
202,SD,11403,Management,32100
202,SD,11403,Education,35800
202,SD,11403,Psychology,27800
202,SD,11403,Economics,39900
202,SD,11403,Sociology,32200
202,SD,11403,Art,34100
202,SD,11403,Design,34100
202,SD,11403,Med,56300
202,SD,11403,Nursing,56000
202,SD,11403,Business,34000
202,SD,11403,History,36700
202,SD,11688,Med,31400
202,SD,11688,Communication,31400
202,SD,11688,Education,38700
202,SD,11688,Education,37400
202,SD,11688,Education,35200
202,SD,11688,English,23900
202,SD,11688,Language,23900
202,SD,11688,Bio,24600
202,SD,11688,Psychology,31100
202,SD,11688,Criminal,35400
202,SD,11688,Politic,32300
202,SD,11688,Med,41400
202,SD,11688,Nursing,55900
202,SD,11688,Management,37100
202,SD,11688,Business,37100
202,SD,11688,Marketing,37700
202,SD,11688,History,25700
176,TN,29756,Education,38400
176,TN,29756,Education,37700
176,TN,29756,Psychology,28100
176,TN,29756,Nursing,51700
176,TN,29756,Management,31500
220,TN,24800,Management,26800
220,TN,24800,Communication,26600
220,TN,24800,Computer,57000
220,TN,24800,Education,33700
220,TN,24800,Chem,57500
220,TN,24800,Communication,67500
220,TN,24800,Mechanical,64200
220,TN,24800,Art,27200
220,TN,24800,Bio,22900
220,TN,24800,Education,22800
220,TN,24800,Psychology,24200
220,TN,24800,Sociology,27900
220,TN,24800,Art,17700
220,TN,24800,Music,27300
220,TN,24800,Nursing,51300
220,TN,24800,Management,35600
220,TN,24800,Business,35600
220,TN,24800,Finance,37500
220,TN,24800,Management,37500
220,TN,24800,Marketing,36400
169,TN,30420,Education,35100
169,TN,30420,Art,34700
169,TN,30420,Nursing,58100
169,TN,30420,Management,27100
169,TN,30420,Business,27100
15,TN,45610,Computer,97800
15,TN,45610,Med,67500
15,TN,45610,Bio,67500
15,TN,45610,Chem,66000
15,TN,45610,Mechanical,66800
15,TN,45610,Language,37800
15,TN,45610,English,33200
15,TN,45610,Language,33200
15,TN,45610,Bio,29800
15,TN,45610,Math,75500
15,TN,45610,Psychology,32100
15,TN,45610,Economics,68100
15,TN,45610,Politic,40100
15,TN,45610,History,26500
71,TX,42006,Med,33900
71,TX,42006,Communication,33900
71,TX,42006,Communication,27100
71,TX,42006,Computer,67800
71,TX,42006,Education,44500
71,TX,42006,Education,44200
71,TX,42006,Communication,68500
71,TX,42006,Mechanical,61200
71,TX,42006,English,29300
71,TX,42006,Language,29300
71,TX,42006,Bio,24800
71,TX,42006,Bio,25700
71,TX,42006,Chem,25700
71,TX,42006,Physics,25700
71,TX,42006,Education,27100
71,TX,42006,Psychology,25500
71,TX,42006,Politic,31300
71,TX,42006,Sociology,20800
71,TX,42006,Art,17100
71,TX,42006,Art,25500
71,TX,42006,Communication,23800
71,TX,42006,Med,26000
71,TX,42006,Nursing,63200
71,TX,42006,Business,61700
71,TX,42006,Management,48700
71,TX,42006,Business,48700
71,TX,42006,Business,48200
71,TX,42006,Economics,48200
71,TX,42006,Business,46200
71,TX,42006,Finance,56300
71,TX,42006,Management,56300
71,TX,42006,Management,51200
71,TX,42006,Management,61800
71,TX,42006,Marketing,45300
71,TX,42006,Marketing,75800
71,TX,42006,Marketing,41100
71,TX,42006,History,33500
214,TX,26180,Med,36300
214,TX,26180,Communication,36300
214,TX,26180,Education,45000
214,TX,26180,Art,31400
214,TX,26180,Education,23100
214,TX,26180,Education,22000
214,TX,26180,Psychology,27700
214,TX,26180,Music,28100
214,TX,26180,Management,43700
214,TX,26180,Business,43700
214,TX,26180,Marketing,44200
194,TX,25410,Architecture,46200
194,TX,25410,Med,32900
194,TX,25410,Communication,32900
194,TX,25410,Communication,23800
194,TX,25410,Communication,35900
194,TX,25410,Computer,56800
194,TX,25410,Computer,55500
194,TX,25410,Computer,33500
194,TX,25410,Med,33500
194,TX,25410,Chem,53300
194,TX,25410,Communication,70800
194,TX,25410,Mechanical,68700
194,TX,25410,Mechanical,50100
194,TX,25410,Computer,42800
194,TX,25410,Language,35800
194,TX,25410,Business,32900
194,TX,25410,English,34000
194,TX,25410,Language,34000
194,TX,25410,Art,29100
194,TX,25410,Bio,25200
194,TX,25410,Bio,27900
194,TX,25410,Chem,27900
194,TX,25410,Physics,27900
194,TX,25410,Bio,32300
194,TX,25410,Math,45800
194,TX,25410,Education,28200
194,TX,25410,Chem,45400
194,TX,25410,Art,41200
194,TX,25410,Psychology,30600
194,TX,25410,Economics,34900
194,TX,25410,Politic,36200
194,TX,25410,Sociology,37100
194,TX,25410,Art,38700
194,TX,25410,Design,38700
194,TX,25410,Art,33500
194,TX,25410,Music,49200
194,TX,25410,Communication,27100
194,TX,25410,Nursing,68600
194,TX,25410,Management,47800
194,TX,25410,Business,47800
194,TX,25410,Business,39400
194,TX,25410,Communication,39400
194,TX,25410,Business,29100
194,TX,25410,Finance,49000
194,TX,25410,Management,49000
194,TX,25410,Management,37600
194,TX,25410,Management,39200
194,TX,25410,Management,55700
194,TX,25410,Marketing,42100
194,TX,25410,Marketing,46300
194,TX,25410,History,30000
15,TX,43918,Computer,111900
15,TX,43918,Chem,80100
15,TX,43918,Mechanical,70500
15,TX,43918,English,39500
15,TX,43918,Language,39500
15,TX,43918,Education,37300
15,TX,43918,Psychology,34800
15,TX,43918,Economics,73100
15,TX,43918,Sociology,29500
15,TX,43918,History,47700
56,TX,50358,Med,39900
56,TX,50358,Communication,39900
56,TX,50358,Communication,41900
56,TX,50358,Computer,72100
56,TX,50358,Mechanical,68400
56,TX,50358,Language,39300
56,TX,50358,English,38300
56,TX,50358,Language,38300
56,TX,50358,Art,39100
56,TX,50358,Bio,26500
56,TX,50358,Math,60500
56,TX,50358,Education,45600
56,TX,50358,Psychology,26400
56,TX,50358,Economics,59000
56,TX,50358,Politic,49100
56,TX,50358,Sociology,32100
56,TX,50358,Art,17600
56,TX,50358,Art,27900
56,TX,50358,Art,34200
56,TX,50358,Finance,68100
56,TX,50358,Management,68100
56,TX,50358,Marketing,53900
82,TX,42670,Med,38900
82,TX,42670,Communication,38900
82,TX,42670,Communication,29100
82,TX,42670,Communication,42100
82,TX,42670,Education,45600
82,TX,42670,Education,46100
82,TX,42670,Art,25700
82,TX,42670,Psychology,28800
82,TX,42670,Criminal,40000
82,TX,42670,Economics,47300
82,TX,42670,Politic,36900
82,TX,42670,Art,45100
82,TX,42670,Design,45100
82,TX,42670,Art,14400
82,TX,42670,Nursing,64600
82,TX,42670,Management,61200
82,TX,42670,Business,61200
82,TX,42670,Finance,58300
82,TX,42670,Management,58300
82,TX,42670,Management,48500
82,TX,42670,Marketing,49000
82,TX,42670,Marketing,38600
176,TX,22861,Management,43100
176,TX,22861,Business,43100
176,TX,22861,Architecture,34500
176,TX,22861,Architecture,38800
176,TX,22861,Med,37600
176,TX,22861,Communication,37600
176,TX,22861,Communication,27700
176,TX,22861,Communication,35800
176,TX,22861,Computer,71300
176,TX,22861,Chem,71700
176,TX,22861,Communication,69900
176,TX,22861,Mechanical,68000
176,TX,22861,Language,28900
176,TX,22861,Economics,44600
176,TX,22861,English,33100
176,TX,22861,Language,33100
176,TX,22861,Art,32700
176,TX,22861,Bio,27600
176,TX,22861,Bio,32700
176,TX,22861,Chem,32700
176,TX,22861,Physics,32700
176,TX,22861,Math,41600
176,TX,22861,Education,32300
176,TX,22861,Chem,29500
176,TX,22861,Psychology,30500
176,TX,22861,Economics,40800
176,TX,22861,Politic,31900
176,TX,22861,Sociology,29400
176,TX,22861,Art,28500
176,TX,22861,Music,41400
176,TX,22861,Management,45900
176,TX,22861,Business,45900
176,TX,22861,Finance,50800
176,TX,22861,Management,50800
176,TX,22861,Management,44100
176,TX,22861,Business,33800
176,TX,22861,Marketing,48000
176,TX,22861,Marketing,36900
176,TX,22861,History,36800
220,UT,19772,Management,42600
220,UT,19772,Business,42600
220,UT,19772,Architecture,44900
220,UT,19772,Computer,65200
220,UT,19772,Education,37400
220,UT,19772,Education,36100
220,UT,19772,Education,31600
220,UT,19772,Communication,64100
220,UT,19772,Mechanical,59700
220,UT,19772,Language,32100
220,UT,19772,English,28700
220,UT,19772,Language,28700
220,UT,19772,Art,23400
220,UT,19772,Bio,34400
220,UT,19772,Bio,28300
220,UT,19772,Psychology,28900
220,UT,19772,Economics,48900
220,UT,19772,Politic,31900
220,UT,19772,Sociology,25300
220,UT,19772,Art,32200
220,UT,19772,Design,32200
220,UT,19772,Art,23200
220,UT,19772,Art,27300
220,UT,19772,Communication,27900
220,UT,19772,Management,48000
220,UT,19772,Business,48000
220,UT,19772,Finance,47200
220,UT,19772,Management,47200
220,UT,19772,Marketing,46900
220,UT,19772,History,31900
111,UT,27039,Med,38300
111,UT,27039,Communication,38300
111,UT,27039,Computer,73900
111,UT,27039,Education,39500
111,UT,27039,Chem,64800
111,UT,27039,Communication,67000
111,UT,27039,Mechanical,61800
111,UT,27039,English,28000
111,UT,27039,Language,28000
111,UT,27039,Bio,30500
111,UT,27039,Education,35300
111,UT,27039,Chem,32400
111,UT,27039,Psychology,30300
111,UT,27039,Economics,41800
111,UT,27039,Politic,34800
111,UT,27039,Sociology,30000
111,UT,27039,Art,23000
111,UT,27039,Art,27500
111,UT,27039,Music,36700
111,UT,27039,Nursing,57600
111,UT,27039,Management,48600
111,UT,27039,Business,48600
111,UT,27039,Finance,63400
111,UT,27039,Management,63400
111,UT,27039,Marketing,43100
92,VT,40364,Communication,33700
92,VT,40364,Computer,53000
92,VT,40364,Education,32100
92,VT,40364,Education,33700
92,VT,40364,Mechanical,52300
92,VT,40364,English,23600
92,VT,40364,Language,23600
92,VT,40364,Bio,32300
92,VT,40364,Bio,20000
92,VT,40364,Bio,32200
92,VT,40364,Math,43500
92,VT,40364,Psychology,30100
92,VT,40364,Economics,33000
92,VT,40364,Politic,34200
92,VT,40364,Sociology,28200
92,VT,40364,Art,22400
92,VT,40364,Med,53300
92,VT,40364,Nursing,61600
92,VT,40364,Management,44000
92,VT,40364,Business,44000
92,VT,40364,Business,30300
92,VT,40364,History,27200
143,VA,32582,Communication,25500
143,VA,32582,Computer,64300
143,VA,32582,Computer,69400
143,VA,32582,Education,36300
143,VA,32582,Communication,63100
143,VA,32582,Language,33700
143,VA,32582,English,33200
143,VA,32582,Language,33200
143,VA,32582,Art,34900
143,VA,32582,Bio,33800
143,VA,32582,Bio,33500
143,VA,32582,Math,45300
143,VA,32582,Chem,25300
143,VA,32582,Psychology,31200
143,VA,32582,Criminal,38700
143,VA,32582,Economics,49600
143,VA,32582,Art,32500
143,VA,32582,Politic,38200
143,VA,32582,Sociology,35600
143,VA,32582,Art,31100
143,VA,32582,Art,21000
143,VA,32582,Music,35100
143,VA,32582,Nursing,64300
143,VA,32582,Management,44900
143,VA,32582,Business,44900
143,VA,32582,Finance,56300
143,VA,32582,Management,56300
143,VA,32582,Management,41800
143,VA,32582,Management,59500
143,VA,32582,Marketing,44600
143,VA,32582,History,31700
210,VA,27028,Computer,58800
210,VA,27028,Education,27600
210,VA,27028,Computer,67100
210,VA,27028,Communication,64100
210,VA,27028,Mechanical,60200
210,VA,27028,English,27600
210,VA,27028,Language,27600
210,VA,27028,Bio,25700
210,VA,27028,Math,44900
210,VA,27028,Management,25600
210,VA,27028,Psychology,27100
210,VA,27028,Art,32400
210,VA,27028,Politic,36600
210,VA,27028,Sociology,31500
210,VA,27028,Art,16700
210,VA,27028,Art,25600
210,VA,27028,Nursing,58600
210,VA,27028,Management,39200
210,VA,27028,Business,39200
210,VA,27028,Finance,36900
210,VA,27028,Management,36900
210,VA,27028,Management,41200
210,VA,27028,Marketing,40100
210,VA,27028,History,33600
220,VA,31322,Education,33500
220,VA,31322,Psychology,29400
220,VA,31322,Criminal,35500
220,VA,31322,Art,16900
220,VA,31322,Nursing,61000
220,VA,31322,Management,39700
220,VA,31322,Business,39700
164,VA,31608,Med,31200
164,VA,31608,Communication,31200
164,VA,31608,Computer,64600
164,VA,31608,Education,31000
164,VA,31608,Med,35100
164,VA,31608,Bio,35100
164,VA,31608,Chem,50600
164,VA,31608,Communication,64400
164,VA,31608,Mechanical,61000
164,VA,31608,Language,26000
164,VA,31608,English,23200
164,VA,31608,Language,23200
164,VA,31608,Bio,24900
164,VA,31608,Math,39300
164,VA,31608,Bio,28700
164,VA,31608,Chem,30900
164,VA,31608,Psychology,30200
164,VA,31608,Criminal,33600
164,VA,31608,Politic,26900
164,VA,31608,Sociology,30500
164,VA,31608,Art,18300
164,VA,31608,Design,18300
164,VA,31608,Art,28000
164,VA,31608,Design,28000
164,VA,31608,Art,19100
164,VA,31608,Art,23000
164,VA,31608,Art,20800
164,VA,31608,Music,20100
164,VA,31608,Med,53600
164,VA,31608,Nursing,60100
164,VA,31608,Business,41600
164,VA,31608,Business,39300
164,VA,31608,Economics,39300
164,VA,31608,Marketing,35000
164,VA,31608,History,28900
159,WA,38940,Med,36700
159,WA,38940,Communication,36700
159,WA,38940,Psychology,29500
159,WA,38940,Politic,23800
159,WA,38940,Art,42800
159,WA,38940,Design,42800
159,WA,38940,Nursing,66700
159,WA,38940,Business,49200
143,WA,25673,Med,34500
143,WA,25673,Communication,34500
143,WA,25673,Communication,34000
143,WA,25673,Computer,68400
143,WA,25673,Education,42300
143,WA,25673,Education,42000
143,WA,25673,Med,42400
143,WA,25673,Bio,42400
143,WA,25673,Chem,61200
143,WA,25673,Communication,66300
143,WA,25673,Mechanical,61300
143,WA,25673,English,24800
143,WA,25673,Language,24800
143,WA,25673,Art,30700
143,WA,25673,Bio,29100
143,WA,25673,Bio,24700
143,WA,25673,Bio,29500
143,WA,25673,Math,45000
143,WA,25673,Bio,32400
143,WA,25673,Education,32000
143,WA,25673,Art,29600
143,WA,25673,Psychology,31100
143,WA,25673,Criminal,33900
143,WA,25673,Economics,40500
143,WA,25673,Politic,29300
143,WA,25673,Sociology,24400
143,WA,25673,Art,41400
143,WA,25673,Design,41400
143,WA,25673,Art,21900
143,WA,25673,Nursing,68400
143,WA,25673,Management,44400
143,WA,25673,Business,44400
143,WA,25673,Business,46900
143,WA,25673,Finance,46800
143,WA,25673,Management,46800
143,WA,25673,Management,44000
143,WA,25673,Business,40400
143,WA,25673,Management,56000
143,WA,25673,Marketing,47500
143,WA,25673,Management,65300
143,WA,25673,History,30800
183,WV,21432,Management,31100
183,WV,21432,Business,31100
183,WV,21432,Management,26300
183,WV,21432,Communication,35300
183,WV,21432,Computer,60300
183,WV,21432,Education,28300
183,WV,21432,Chem,62100
183,WV,21432,Computer,56800
183,WV,21432,Communication,63200
183,WV,21432,Mechanical,63600
183,WV,21432,Language,27800
183,WV,21432,English,22700
183,WV,21432,Language,22700
183,WV,21432,Art,28600
183,WV,21432,Bio,26200
183,WV,21432,Education,31700
183,WV,21432,Art,32400
183,WV,21432,Psychology,27100
183,WV,21432,Criminal,30000
183,WV,21432,Art,30800
183,WV,21432,Politic,22800
183,WV,21432,Sociology,19400
183,WV,21432,Art,34500
183,WV,21432,Design,34500
183,WV,21432,Art,15500
183,WV,21432,Art,18900
183,WV,21432,Music,26300
183,WV,21432,Med,51800
183,WV,21432,Nursing,60200
183,WV,21432,Business,40500
183,WV,21432,Management,38100
183,WV,21432,Business,38100
183,WV,21432,Business,41000
183,WV,21432,Economics,41000
183,WV,21432,Finance,39800
183,WV,21432,Management,39800
183,WV,21432,Management,54900
183,WV,21432,Marketing,40600
183,WV,21432,History,27400
171,WI,27530,Med,38600
171,WI,27530,Communication,38600
171,WI,27530,Education,38000
171,WI,27530,Psychology,30500
171,WI,27530,Nursing,64200
171,WI,27530,Business,41100
86,WI,38470,Med,32500
86,WI,38470,Communication,32500
86,WI,38470,Communication,28000
86,WI,38470,Communication,36200
86,WI,38470,Communication,39700
86,WI,38470,Computer,60400
86,WI,38470,Education,38300
86,WI,38470,Med,59400
86,WI,38470,Bio,59400
86,WI,38470,Communication,66800
86,WI,38470,Mechanical,64000
86,WI,38470,Language,35400
86,WI,38470,Bio,31600
86,WI,38470,Math,39500
86,WI,38470,Psychology,34900
86,WI,38470,Economics,37900
86,WI,38470,Politic,37200
86,WI,38470,Sociology,32700
86,WI,38470,Med,54500
86,WI,38470,Nursing,61800
86,WI,38470,Management,55400
86,WI,38470,Business,55400
86,WI,38470,Business,54600
86,WI,38470,Economics,54600
86,WI,38470,Finance,59000
86,WI,38470,Management,59000
86,WI,38470,Management,45600
86,WI,38470,Business,53200
86,WI,38470,Marketing,50700
86,WI,38470,History,38300
171,WY,16215,Management,36000
171,WY,16215,Business,36000
171,WY,16215,Med,28400
171,WY,16215,Communication,28400
171,WY,16215,Computer,53100
171,WY,16215,Education,33200
171,WY,16215,Education,36800
171,WY,16215,Chem,36400
171,WY,16215,Mechanical,54500
171,WY,16215,English,33100
171,WY,16215,Language,33100
171,WY,16215,Bio,32200
171,WY,16215,Bio,25000
171,WY,16215,Education,25100
171,WY,16215,Art,37000
171,WY,16215,Psychology,26900
171,WY,16215,Criminal,35600
171,WY,16215,Art,30100
171,WY,16215,Nursing,64000
171,WY,16215,Management,39200
171,WY,16215,Business,39200
171,WY,16215,Finance,43700
171,WY,16215,Management,43700
171,WY,16215,Management,38800
171,WY,16215,Marketing,36400
171,WY,16215,History,27400
5,CA,47940,Computer,126400
5,CA,47940,Mechanical,78200
5,CA,47940,English,24200
5,CA,47940,Language,24200
5,CA,47940,Bio,35900
5,CA,47940,Bio,36200
5,CA,47940,Psychology,41300
5,CA,47940,Economics,80900
